【整租】乐乎公寓 通州北苑 通州北苑店,通州北苑,2300-2600,http://bj.58.com/pinpaigongyu/29472959912765x.shtml
【整租】四惠 乐乎公寓 1室1厅,【整租】四惠,2600,http://bj.58.com/pinpaigongyu/30001023958352x.shtml
【整租】远江公寓 运河大街 运河大街店,运河大街,2999-3379,http://bj.58.com/pinpaigongyu/29936381652302x.shtml
【合租】天通苑 天通苑北一区 4室主卧,天通苑北一区,2560,http://bj.58.com/pinpaigongyu/30001893312061x.shtml
【合租】潘家园 潘家园东里 3室主卧,潘家园东里,2990,http://bj.58.com/pinpaigongyu/29791611625290x.shtml
【整租】乐乎公寓 十里河 十里河店,十里河,3000-3500,http://bj.58.com/pinpaigongyu/29991436892351x.shtml
【合租】天通苑 天通中苑 4室主卧,天通中苑,3290,http://bj.58.com/pinpaigongyu/30001966340417x.shtml
【整租】熊猫公寓 武夷花园 百合湾店,武夷花园,2700-3000,http://bj.58.com/pinpaigongyu/29948797922866x.shtml
【合租】刘家窑 横一条甲18号院 3室主卧,横一条甲18号院,3090,http://bj.58.com/pinpaigongyu/30003338661036x.shtml
【整租】西红门 西红门乐乎城市青 1室1厅,西红门乐乎城市青,2650,http://bj.58.com/pinpaigongyu/29793778939718x.shtml
【合租】龙泽 融泽嘉园一号院 2室次卧,融泽嘉园一号院,2180,http://bj.58.com/pinpaigongyu/29817127879090x.shtml
【整租】青遇home 双桥 青遇新动漫,双桥,2300-2500,http://bj.58.com/pinpaigongyu/29926222620222x.shtml
【合租】慈云寺 八里庄西里 3室主卧,八里庄西里,2130,http://bj.58.com/pinpaigongyu/29791339208636x.shtml
【合租】西二旗 融泽嘉园8号院 2室主卧,融泽嘉园8号院,2380,http://bj.58.com/pinpaigongyu/29983249815222x.shtml
【合租】西北旺 大牛坊二期 3室主卧,大牛坊二期,2400,http://bj.58.com/pinpaigongyu/29990492573238x.shtml
【整租】青遇home 双桥 青遇新动漫,双桥,2400,http://bj.58.com/pinpaigongyu/29978998417998x.shtml
【合租】广渠门 广馨居 3室次卧,广馨居,2000,http://bj.58.com/pinpaigongyu/30000824673857x.shtml
【合租】四季青 和泓四季 3室主卧,和泓四季,2600,http://bj.58.com/pinpaigongyu/29978284528041x.shtml
【合租】北苑 茉藜园 1室主卧,茉藜园,3000,http://bj.58.com/pinpaigongyu/29861253891143x.shtml
【合租】中关村 天秀花园二期 3室次卧,天秀花园二期,2190,http://bj.58.com/pinpaigongyu/29845839706447x.shtml
【整租】乐乎公寓 通州北苑 通州北苑店,通州北苑,2300-2600,http://bj.58.com/pinpaigongyu/29472959912765x.shtml
【合租】天通苑 天通中苑 4室主卧,天通中苑,3290,http://bj.58.com/pinpaigongyu/30001966340417x.shtml
【整租】远江公寓 运河大街 运河大街店,运河大街,2999-3379,http://bj.58.com/pinpaigongyu/29936381652302x.shtml
【合租】惠新西街 千鹤家园 3室次卧,千鹤家园,2170,http://bj.58.com/pinpaigongyu/29627331808714x.shtml
【合租】青塔 天鸿美域南区 4室主卧,天鸿美域南区,2180,http://bj.58.com/pinpaigongyu/29639154998220x.shtml
【整租】乐乎公寓 十里河 十里河店,十里河,3000-3500,http://bj.58.com/pinpaigongyu/29991436892351x.shtml
【合租】刘家窑 横一条甲18号院 3室主卧,横一条甲18号院,3090,http://bj.58.com/pinpaigongyu/30003338661036x.shtml
【整租】熊猫公寓 武夷花园 百合湾店,武夷花园,2700-3000,http://bj.58.com/pinpaigongyu/29948797922866x.shtml
【整租】西红门 西红门乐乎城市青 1室1厅,西红门乐乎城市青,2650,http://bj.58.com/pinpaigongyu/29793778939718x.shtml
【合租】定福庄 定福家园 3室次卧,定福家园,2280,http://bj.58.com/pinpaigongyu/29837365652280x.shtml
【合租】龙泽 融泽嘉园2号院 2室主卧,融泽嘉园2号院,2080,http://bj.58.com/pinpaigongyu/29759076367565x.shtml
【整租】青遇home 双桥 青遇新动漫,双桥,2300-2500,http://bj.58.com/pinpaigongyu/29926222620222x.shtml
【合租】四季青 和泓四季 3室主卧,和泓四季,2600,http://bj.58.com/pinpaigongyu/29978284528041x.shtml
【合租】北苑 茉藜园 1室主卧,茉藜园,3000,http://bj.58.com/pinpaigongyu/29861253891143x.shtml
【合租】马连洼 春晖园 3室主卧,春晖园,2580,http://bj.58.com/pinpaigongyu/29971883748920x.shtml
【整租】青遇home 双桥 青遇新动漫,双桥,2400,http://bj.58.com/pinpaigongyu/29978998417998x.shtml
【合租】西二旗 融泽嘉园8号院 3室主卧,融泽嘉园8号院,2080,http://bj.58.com/pinpaigongyu/29668735003329x.shtml
【合租】北苑 清友园 2室主卧,清友园,3800,http://bj.58.com/pinpaigongyu/29981371155635x.shtml
【合租】芍药居 芍药居2号院 2室主卧,芍药居2号院,2600,http://bj.58.com/pinpaigongyu/29838996174648x.shtml
【合租】芍药居 芍药居北里小区 3室主卧,芍药居北里小区,2400,http://bj.58.com/pinpaigongyu/29729203125167x.shtml
【整租】乐乎公寓 通州北苑 通州北苑店,通州北苑,2300-2600,http://bj.58.com/pinpaigongyu/29472959912765x.shtml
【整租】海淀周边 海淀嘉郡 2室2厅,海淀嘉郡,3350,http://bj.58.com/pinpaigongyu/29735391079350x.shtml
【整租】远江公寓 运河大街 运河大街店,运河大街,2999-3379,http://bj.58.com/pinpaigongyu/29936381652302x.shtml
【合租】龙泽 新龙城 3室主卧,新龙城,2600,http://bj.58.com/pinpaigongyu/30002456839115x.shtml
【合租】酒仙桥 芳园里北区 3室次卧,芳园里北区,2390,http://bj.58.com/pinpaigongyu/29207138315189x.shtml
【整租】乐乎公寓 十里河 十里河店,十里河,3000-3500,http://bj.58.com/pinpaigongyu/29991436892351x.shtml
【整租】劲松 条玛公寓 1室1厅,【整租】劲松,3600,http://bj.58.com/pinpaigongyu/28633905333966x.shtml
【整租】熊猫公寓 武夷花园 百合湾店,武夷花园,2700-3000,http://bj.58.com/pinpaigongyu/29948797922866x.shtml
【整租】芍药居 芍药居乐乎城市青 1室0厅,芍药居乐乎城市青,3100,http://bj.58.com/pinpaigongyu/29990204990769x.shtml
【合租】常营 连心园 3室主卧,连心园,3030,http://bj.58.com/pinpaigongyu/29960738669893x.shtml
【合租】西二旗 融泽嘉园8号院 3室主卧,融泽嘉园8号院,2080,http://bj.58.com/pinpaigongyu/29668735003329x.shtml
【整租】青遇home 双桥 青遇新动漫,双桥,2300-2500,http://bj.58.com/pinpaigongyu/29926222620222x.shtml
【合租】芍药居 芍药居2号院 2室主卧,芍药居2号院,2600,http://bj.58.com/pinpaigongyu/29838996174648x.shtml
【合租】回龙观 回龙观新村中区 3室主卧,回龙观新村中区,2180,http://bj.58.com/pinpaigongyu/29583125332406x.shtml
【合租】芍药居 芍药居北里小区 3室主卧,芍药居北里小区,2400,http://bj.58.com/pinpaigongyu/29729203125167x.shtml
【整租】青遇home 双桥 青遇新动漫,双桥,2400,http://bj.58.com/pinpaigongyu/29978998417998x.shtml
【整租】西北旺 大牛坊二期 2室1厅,大牛坊二期,3800,http://bj.58.com/pinpaigongyu/29801819354678x.shtml
【合租】潘家园 华威北里 3室主卧,华威北里,2350,http://bj.58.com/pinpaigongyu/29702427058998x.shtml
【整租】西北旺 大牛坊二期 1室0厅,大牛坊二期,3400,http://bj.58.com/pinpaigongyu/29968806131022x.shtml
【合租】亚运村 慧忠里B区 2室主卧,慧忠里B区,2300,http://bj.58.com/pinpaigongyu/29637316648627x.shtml
【整租】乐乎公寓 通州北苑 通州北苑店,通州北苑,2300-2600,http://bj.58.com/pinpaigongyu/29472959912765x.shtml
【合租】回龙观 龙腾苑五区 3室主卧,龙腾苑五区,2160,http://bj.58.com/pinpaigongyu/29957555616554x.shtml
【整租】远江公寓 运河大街 运河大街店,运河大街,2999-3379,http://bj.58.com/pinpaigongyu/29936381652302x.shtml
【整租】芍药居 芍药居乐乎城市青 1室0厅,芍药居乐乎城市青,3100,http://bj.58.com/pinpaigongyu/29990204990769x.shtml
【合租】常营 连心园 3室主卧,连心园,3030,http://bj.58.com/pinpaigongyu/29960738669893x.shtml
【整租】乐乎公寓 十里河 十里河店,十里河,3000-3500,http://bj.58.com/pinpaigongyu/29991436892351x.shtml
【合租】惠新西街 惠新西街5号院 3室主卧,惠新西街5号院,2190,http://bj.58.com/pinpaigongyu/29573381574330x.shtml
【整租】熊猫公寓 武夷花园 百合湾店,武夷花园,2700-3000,http://bj.58.com/pinpaigongyu/29948797922866x.shtml
【合租】定福庄 珠江绿洲家园 4室主卧,珠江绿洲家园,3600,http://bj.58.com/pinpaigongyu/29794399966025x.shtml
【合租】红庙 红庙北里 3室次卧,红庙北里,2650,http://bj.58.com/pinpaigongyu/29837175861675x.shtml
【合租】芍药居 芍药居2号院 2室主卧,芍药居2号院,2600,http://bj.58.com/pinpaigongyu/29838996174648x.shtml
【整租】青遇home 双桥 青遇新动漫,双桥,2300-2500,http://bj.58.com/pinpaigongyu/29926222620222x.shtml
【合租】芍药居 芍药居北里小区 3室主卧,芍药居北里小区,2400,http://bj.58.com/pinpaigongyu/29729203125167x.shtml
【整租】西北旺 大牛坊二期 1室1厅,大牛坊二期,3500,http://bj.58.com/pinpaigongyu/29957315485898x.shtml
【整租】东坝 金隅汇景苑 2室1厅,金隅汇景苑,3900,http://bj.58.com/pinpaigongyu/29846046703673x.shtml
【整租】青遇home 双桥 青遇新动漫,双桥,2400,http://bj.58.com/pinpaigongyu/29978998417998x.shtml
【合租】潘家园 华威北里 3室主卧,华威北里,2350,http://bj.58.com/pinpaigongyu/29702427058998x.shtml
【整租】西北旺 大牛坊二期 1室0厅,大牛坊二期,3400,http://bj.58.com/pinpaigongyu/29968806131022x.shtml
【合租】亚运村 慧忠里B区 2室主卧,慧忠里B区,2300,http://bj.58.com/pinpaigongyu/29637316648627x.shtml
【合租】亚运村 安慧里二区 4室主卧,安慧里二区,2300,http://bj.58.com/pinpaigongyu/29659832065449x.shtml
【整租】乐乎公寓 通州北苑 通州北苑店,通州北苑,2300-2600,http://bj.58.com/pinpaigongyu/29472959912765x.shtml
【合租】定福庄 珠江绿洲家园 4室主卧,珠江绿洲家园,3600,http://bj.58.com/pinpaigongyu/29794399966025x.shtml
【整租】远江公寓 运河大街 运河大街店,运河大街,2999-3379,http://bj.58.com/pinpaigongyu/29936381652302x.shtml
【整租】沙河 青年创业公寓 1室0厅,【整租】沙河,2300,http://bj.58.com/pinpaigongyu/29934608064967x.shtml
【合租】大望路 风度柏林 3室次卧,风度柏林,2450,http://bj.58.com/pinpaigongyu/29926196697908x.shtml
【整租】乐乎公寓 十里河 十里河店,十里河,3000-3500,http://bj.58.com/pinpaigongyu/29991436892351x.shtml
【整租】潘家园 乐乎城市青年社区 1室1厅,【整租】潘家园,3200,http://bj.58.com/pinpaigongyu/30001544737228x.shtml
【整租】熊猫公寓 武夷花园 百合湾店,武夷花园,2700-3000,http://bj.58.com/pinpaigongyu/29948797922866x.shtml
【合租】马家堡 城南嘉园益嘉园 4室次卧,城南嘉园益嘉园,2590,http://bj.58.com/pinpaigongyu/30003192881196x.shtml
【合租】豆各庄 富力又一城B区 3室主卧,富力又一城B区,2080,http://bj.58.com/pinpaigongyu/29992913074627x.shtml
【合租】国贸 金隅康惠园 3室主卧,金隅康惠园,2400,http://bj.58.com/pinpaigongyu/29506173211722x.shtml
【整租】青遇home 双桥 青遇新动漫,双桥,2300-2500,http://bj.58.com/pinpaigongyu/29926222620222x.shtml
【合租】西北旺 百旺新城冬晴园 1室主卧,百旺新城冬晴园,2100,http://bj.58.com/pinpaigongyu/29817539954101x.shtml
【合租】亚运村 大屯里小区 2室主卧,大屯里小区,2600,http://bj.58.com/pinpaigongyu/29934290063948x.shtml
【整租】东坝 金隅汇景苑 2室1厅,金隅汇景苑,3900,http://bj.58.com/pinpaigongyu/29650581503687x.shtml
【整租】青遇home 双桥 青遇新动漫,双桥,2400,http://bj.58.com/pinpaigongyu/29978998417998x.shtml
【合租】西二旗 融泽嘉园8号院 3室主卧,融泽嘉园8号院,2370,http://bj.58.com/pinpaigongyu/29956589404737x.shtml
【合租】马连洼 肖家河新村(圆明 3室主卧,肖家河新村(圆明,2400,http://bj.58.com/pinpaigongyu/29949710992939x.shtml
【合租】双桥 康惠园小区三号院 3室主卧,康惠园小区三号院,2100,http://bj.58.com/pinpaigongyu/29716002133189x.shtml
【整租】望京 圣馨大地家园 1室1厅,圣馨大地家园,2000,http://bj.58.com/pinpaigongyu/29760438208698x.shtml
【整租】乐乎公寓 通州北苑 通州北苑店,通州北苑,2300-2600,http://bj.58.com/pinpaigongyu/29472959912765x.shtml
【合租】回龙观 龙跃苑东四区 3室主卧,龙跃苑东四区,2680,http://bj.58.com/pinpaigongyu/29912258090289x.shtml
【整租】远江公寓 运河大街 运河大街店,运河大街,2999-3379,http://bj.58.com/pinpaigongyu/29936381652302x.shtml
【合租】回龙观 龙跃苑东四区 3室主卧,龙跃苑东四区,2760,http://bj.58.com/pinpaigongyu/29770148055347x.shtml
【合租】马家堡 城南嘉园益嘉园 4室次卧,城南嘉园益嘉园,2590,http://bj.58.com/pinpaigongyu/30003192881196x.shtml
【整租】乐乎公寓 十里河 十里河店,十里河,3000-3500,http://bj.58.com/pinpaigongyu/29991436892351x.shtml
【合租】回龙观 天露园二区 3室主卧,天露园二区,2000,http://bj.58.com/pinpaigongyu/29581568927936x.shtml
【整租】熊猫公寓 武夷花园 百合湾店,武夷花园,2700-3000,http://bj.58.com/pinpaigongyu/29948797922866x.shtml
【整租】管庄 乐乎城市青年社区 1室1厅,【整租】管庄,2600,http://bj.58.com/pinpaigongyu/29994781393078x.shtml
【整租】沙河 兆丰家园东区 1室0厅,兆丰家园东区,2300,http://bj.58.com/pinpaigongyu/29914157553450x.shtml
【合租】双桥 康惠园小区三号院 3室主卧,康惠园小区三号院,2100,http://bj.58.com/pinpaigongyu/29716002133189x.shtml
【整租】青遇home 双桥 青遇新动漫,双桥,2300-2500,http://bj.58.com/pinpaigongyu/29926222620222x.shtml
【合租】肖家河 肖家河回迁住宅( 3室主卧,肖家河回迁住宅(,2400,http://bj.58.com/pinpaigongyu/29990540976446x.shtml
【合租】芍药居 芍药居北里小区 3室主卧,芍药居北里小区,3000,http://bj.58.com/pinpaigongyu/29957514649404x.shtml
【合租】常营 慧合公寓 3室主卧,【合租】常营,2260,http://bj.58.com/pinpaigongyu/29993727765070x.shtml
【整租】青遇home 双桥 青遇新动漫,双桥,2400,http://bj.58.com/pinpaigongyu/29978998417998x.shtml
【整租】西北旺 尚峰尚水2期 1室1厅,尚峰尚水2期,3400,http://bj.58.com/pinpaigongyu/29085922046003x.shtml
【合租】龙泽 融泽嘉园6号院 3室主卧,融泽嘉园6号院,2180,http://bj.58.com/pinpaigongyu/29717880031950x.shtml
【合租】亚运村 嘉铭桐城C区 3室主卧,嘉铭桐城C区,3800,http://bj.58.com/pinpaigongyu/29959653879995x.shtml
【合租】西二旗 领秀新硅谷C区 5室主卧,领秀新硅谷C区,3190,http://bj.58.com/pinpaigongyu/29696204501548x.shtml
【整租】乐乎公寓 通州北苑 通州北苑店,通州北苑,2300-2600,http://bj.58.com/pinpaigongyu/29472959912765x.shtml
【整租】沙河 兆丰家园东区 1室0厅,兆丰家园东区,2300,http://bj.58.com/pinpaigongyu/29914157553450x.shtml
【整租】远江公寓 运河大街 运河大街店,运河大街,2999-3379,http://bj.58.com/pinpaigongyu/29936381652302x.shtml
【整租】沙河 兆丰家园东区 1室1厅,兆丰家园东区,2300,http://bj.58.com/pinpaigongyu/29936162014006x.shtml
【合租】立水桥 奥北中心北区 3室主卧,奥北中心北区,2250,http://bj.58.com/pinpaigongyu/29992399628222x.shtml
【整租】乐乎公寓 十里河 十里河店,十里河,3000-3500,http://bj.58.com/pinpaigongyu/29991436892351x.shtml
【合租】西二旗 领秀硅谷1区 3室次卧,领秀硅谷1区,2180,http://bj.58.com/pinpaigongyu/29793979071799x.shtml
【整租】熊猫公寓 武夷花园 百合湾店,武夷花园,2700-3000,http://bj.58.com/pinpaigongyu/29948797922866x.shtml
【合租】回龙观 龙跃苑东四区 4室主卧,龙跃苑东四区,2760,http://bj.58.com/pinpaigongyu/29824079665351x.shtml
【整租】定福庄 大望路函数公寓 1室1厅,【整租】定福庄,3100,http://bj.58.com/pinpaigongyu/29649345158091x.shtml
【合租】西二旗 融泽嘉园8号院 3室次卧,融泽嘉园8号院,2180,http://bj.58.com/pinpaigongyu/29508225908150x.shtml
【整租】青遇home 双桥 青遇新动漫,双桥,2300-2500,http://bj.58.com/pinpaigongyu/29926222620222x.shtml
【合租】龙泽 融泽嘉园一号院 2室主卧,融泽嘉园一号院,2080,http://bj.58.com/pinpaigongyu/29547623581642x.shtml
【合租】肖家河 肖家河回迁住宅( 3室次卧,肖家河回迁住宅(,2190,http://bj.58.com/pinpaigongyu/29540023947978x.shtml
【合租】赵公口 石榴园北里小区 3室次卧,石榴园北里小区,2080,http://bj.58.com/pinpaigongyu/29782829150531x.shtml
【整租】青遇home 双桥 青遇新动漫,双桥,2400,http://bj.58.com/pinpaigongyu/29978998417998x.shtml
【合租】西二旗 领秀新硅谷C区 5室主卧,领秀新硅谷C区,2190,http://bj.58.com/pinpaigongyu/29837523779502x.shtml
【合租】马连洼 春晖园 3室主卧,春晖园,2290,http://bj.58.com/pinpaigongyu/29514362242748x.shtml
【合租】双桥 金隅康惠园 3室主卧,金隅康惠园,2300,http://bj.58.com/pinpaigongyu/29679698903738x.shtml
【整租】大望路 潘道庙小区 3室1厅,潘道庙小区,2000,http://bj.58.com/pinpaigongyu/29735820620232x.shtml
【整租】乐乎公寓 通州北苑 通州北苑店,通州北苑,2300-2600,http://bj.58.com/pinpaigongyu/29472959912765x.shtml
【整租】回龙观 龙锦苑四区 1室1厅,龙锦苑四区,3700,http://bj.58.com/pinpaigongyu/29680244982186x.shtml
【整租】远江公寓 运河大街 运河大街店,运河大街,2999-3379,http://bj.58.com/pinpaigongyu/29936381652302x.shtml
【合租】乔庄 合生滨江帝景二期 3室主卧,合生滨江帝景二期,2000,http://bj.58.com/pinpaigongyu/29871390459981x.shtml
【合租】回龙观 龙跃苑东四区 4室主卧,龙跃苑东四区,2760,http://bj.58.com/pinpaigongyu/29824079665351x.shtml
【整租】乐乎公寓 十里河 十里河店,十里河,3000-3500,http://bj.58.com/pinpaigongyu/29991436892351x.shtml
【合租】双井 广渠门外大街6号 3室次卧,广渠门外大街6号,2400,http://bj.58.com/pinpaigongyu/29926193827371x.shtml
【整租】熊猫公寓 武夷花园 百合湾店,武夷花园,2700-3000,http://bj.58.com/pinpaigongyu/29948797922866x.shtml
【合租】管庄 汇鸿家园 4室次卧,汇鸿家园,2180,http://bj.58.com/pinpaigongyu/30003803739210x.shtml
【合租】亚运村 干杨树甲16号院 3室次卧,干杨树甲16号院,3420,http://bj.58.com/pinpaigongyu/29670752768052x.shtml
【合租】西二旗 领秀新硅谷C区 5室主卧,领秀新硅谷C区,2190,http://bj.58.com/pinpaigongyu/29837523779502x.shtml
【整租】青遇home 双桥 青遇新动漫,双桥,2300-2500,http://bj.58.com/pinpaigongyu/29926222620222x.shtml
【合租】马连洼 春晖园 3室主卧,春晖园,2290,http://bj.58.com/pinpaigongyu/29514362242748x.shtml
【合租】双桥 金隅康惠园 3室主卧,金隅康惠园,2300,http://bj.58.com/pinpaigongyu/29679698903738x.shtml
【整租】大望路 潘道庙小区 3室1厅,潘道庙小区,2000,http://bj.58.com/pinpaigongyu/29735820620232x.shtml
【整租】青遇home 双桥 青遇新动漫,双桥,2400,http://bj.58.com/pinpaigongyu/29978998417998x.shtml
【合租】龙泽 融泽嘉园2号院 3室主卧,融泽嘉园2号院,2080,http://bj.58.com/pinpaigongyu/29771907375945x.shtml
【合租】肖家河 肖家河回迁住宅( 3室主卧,肖家河回迁住宅(,2400,http://bj.58.com/pinpaigongyu/29989913984169x.shtml
【合租】国贸 观音惠园 3室主卧,观音惠园,2200,http://bj.58.com/pinpaigongyu/29923247169217x.shtml
【合租】回龙观 融泽嘉园二号院 3室主卧,融泽嘉园二号院,2480,http://bj.58.com/pinpaigongyu/29712782764599x.shtml
【整租】乐乎公寓 通州北苑 通州北苑店,通州北苑,2300-2600,http://bj.58.com/pinpaigongyu/29472959912765x.shtml
【整租】定福庄 函数公寓 1室1厅,【整租】定福庄,2600,http://bj.58.com/pinpaigongyu/29671025029056x.shtml
【整租】远江公寓 运河大街 运河大街店,运河大街,2999-3379,http://bj.58.com/pinpaigongyu/29936381652302x.shtml
【合租】望京 方舟苑 3室主卧,方舟苑,2500,http://bj.58.com/pinpaigongyu/29957508060969x.shtml
【合租】亚运村 慧忠北里第二社区 4室次卧,慧忠北里第二社区,2780,http://bj.58.com/pinpaigongyu/29791585201859x.shtml
【整租】乐乎公寓 十里河 十里河店,十里河,3000-3500,http://bj.58.com/pinpaigongyu/29991436892351x.shtml
【整租】潘家园 乐乎城市青年社区 1室1厅,【整租】潘家园,3299,http://bj.58.com/pinpaigongyu/30001277733425x.shtml
【整租】熊猫公寓 武夷花园 百合湾店,武夷花园,2700-3000,http://bj.58.com/pinpaigongyu/29948797922866x.shtml
【合租】常营 苹果派 3室次卧,苹果派,2790,http://bj.58.com/pinpaigongyu/29957472973490x.shtml
【合租】豆各庄 恒大御景湾 2室主卧,恒大御景湾,2080,http://bj.58.com/pinpaigongyu/29992261958720x.shtml
【合租】西二旗 领秀新硅谷C区 5室次卧,领秀新硅谷C区,2300,http://bj.58.com/pinpaigongyu/29817294912336x.shtml
【整租】青遇home 双桥 青遇新动漫,双桥,2300-2500,http://bj.58.com/pinpaigongyu/29926222620222x.shtml
【合租】崇文门 国瑞城东区 2室次卧,国瑞城东区,2200,http://bj.58.com/pinpaigongyu/29991793716009x.shtml
【整租】西北旺 大牛坊一期 1室1厅,大牛坊一期,3500,http://bj.58.com/pinpaigongyu/28365776556239x.shtml
【合租】肖家河 肖家河回迁住宅( 3室主卧,肖家河回迁住宅(,2190,http://bj.58.com/pinpaigongyu/28997444296498x.shtml
【整租】青遇home 双桥 青遇新动漫,双桥,2400,http://bj.58.com/pinpaigongyu/29978998417998x.shtml
【合租】龙泽 融泽嘉园2号院 3室主卧,融泽嘉园2号院,2080,http://bj.58.com/pinpaigongyu/29780399639724x.shtml
【合租】回龙观 融泽嘉园二号院 3室主卧,融泽嘉园二号院,2080,http://bj.58.com/pinpaigongyu/29712931882159x.shtml
【合租】常营 常营民族家园 3室主卧,常营民族家园,2300,http://bj.58.com/pinpaigongyu/29793724933802x.shtml
【合租】朝青板块 华纺易城 4室主卧,华纺易城,3880,http://bj.58.com/pinpaigongyu/29967501166761x.shtml
【整租】乐乎公寓 通州北苑 通州北苑店,通州北苑,2300-2600,http://bj.58.com/pinpaigongyu/29472959912765x.shtml
【整租】十里河 乐乎城市青年社区 1室1厅,【整租】十里河,3100,http://bj.58.com/pinpaigongyu/29982162397107x.shtml
【整租】远江公寓 运河大街 运河大街店,运河大街,2999-3379,http://bj.58.com/pinpaigongyu/29936381652302x.shtml
【整租】清河 函数公寓龙旗店 1室1厅,【整租】清河,3890,http://bj.58.com/pinpaigongyu/29739376078508x.shtml
【合租】赵公口 慧时欣园 3室次卧,慧时欣园,2180,http://bj.58.com/pinpaigongyu/29072202765740x.shtml
【整租】乐乎公寓 十里河 十里河店,十里河,3000-3500,http://bj.58.com/pinpaigongyu/29991436892351x.shtml
【合租】常营 常营民族家园 3室主卧,常营民族家园,2870,http://bj.58.com/pinpaigongyu/29957475965240x.shtml
【整租】熊猫公寓 武夷花园 百合湾店,武夷花园,2700-3000,http://bj.58.com/pinpaigongyu/29948797922866x.shtml
【合租】望京 华彩国际公寓 3室主卧,【合租】望京,2530,http://bj.58.com/pinpaigongyu/29992752405569x.shtml
【整租】四惠 乐乎城市青年社区 1室1厅,【整租】四惠,2499,http://bj.58.com/pinpaigongyu/29996074027700x.shtml
【整租】西北旺 大牛坊一期 1室1厅,大牛坊一期,3500,http://bj.58.com/pinpaigongyu/29724317506874x.shtml
【整租】青遇home 高碑店 青遇店,高碑店,2700,http://bj.58.com/pinpaigongyu/29761578923960x.shtml
【合租】亚运村小营 安慧北里 3室次卧,安慧北里,2600,http://bj.58.com/pinpaigongyu/29684151280588x.shtml
【合租】西二旗 领秀新硅谷C区 5室次卧,领秀新硅谷C区,2300,http://bj.58.com/pinpaigongyu/29817294912336x.shtml
【合租】惠新西街 安苑北里 4室主卧,安苑北里,2900,http://bj.58.com/pinpaigongyu/29405521311282x.shtml
【整租】青遇home 双桥 青遇新动漫,双桥,2300-2500,http://bj.58.com/pinpaigongyu/29926222620222x.shtml
【合租】崇文门 国瑞城东区 2室次卧,国瑞城东区,2200,http://bj.58.com/pinpaigongyu/29991793716009x.shtml
【合租】西二旗 融泽嘉园8号院 2室主卧,融泽嘉园8号院,2480,http://bj.58.com/pinpaigongyu/29483427313854x.shtml
【合租】芍药居 芍药居2号院 2室次卧,芍药居2号院,2000,http://bj.58.com/pinpaigongyu/29536372963398x.shtml
【整租】西北旺 大牛坊一期 1室1厅,大牛坊一期,3500,http://bj.58.com/pinpaigongyu/28365776556239x.shtml
【整租】乐乎公寓 通州北苑 通州北苑店,通州北苑,2300-2600,http://bj.58.com/pinpaigongyu/29472959912765x.shtml
【合租】回龙观 龙腾苑五区 3室主卧,龙腾苑五区,2190,http://bj.58.com/pinpaigongyu/29793932536493x.shtml
【整租】远江公寓 运河大街 运河大街店,运河大街,2999-3379,http://bj.58.com/pinpaigongyu/29936381652302x.shtml
【合租】潘家园 嘉禾园 4室次卧,嘉禾园,2930,http://bj.58.com/pinpaigongyu/30003555602105x.shtml
【合租】酒仙桥 芳园里北区 3室主卧,芳园里北区,2540,http://bj.58.com/pinpaigongyu/30003251677625x.shtml
【整租】乐乎公寓 十里河 十里河店,十里河,3000-3500,http://bj.58.com/pinpaigongyu/29991436892351x.shtml
【合租】高碑店 都市经典家园 2室次卧,都市经典家园,2700,http://bj.58.com/pinpaigongyu/30001105771967x.shtml
【整租】熊猫公寓 武夷花园 百合湾店,武夷花园,2700-3000,http://bj.58.com/pinpaigongyu/29948797922866x.shtml
【整租】朝青板块 乐乎城市青年社区 1室1厅,【整租】朝青板块,2519,http://bj.58.com/pinpaigongyu/29996957008334x.shtml
【合租】西二旗 金域华府 3室主卧,金域华府,2380,http://bj.58.com/pinpaigongyu/29669872762035x.shtml
【合租】朝青板块 华纺易城 4室主卧,华纺易城,3880,http://bj.58.com/pinpaigongyu/29967501166761x.shtml
【整租】青遇home 高碑店 青遇店,高碑店,2700,http://bj.58.com/pinpaigongyu/29761578923960x.shtml
【合租】九棵树 K2玉兰湾 4室主卧,K2玉兰湾,2100,http://bj.58.com/pinpaigongyu/29926879494723x.shtml
【合租】九棵树 K2玉兰湾 4室主卧,K2玉兰湾,2000,http://bj.58.com/pinpaigongyu/29934177918911x.shtml
【合租】九棵树 瑞都国际中心 3室次卧,瑞都国际中心,2000,http://bj.58.com/pinpaigongyu/29624686948270x.shtml
【整租】青遇home 双桥 青遇新动漫,双桥,2300-2500,http://bj.58.com/pinpaigongyu/29926222620222x.shtml
【合租】西二旗 融泽嘉园8号院 3室主卧,融泽嘉园8号院,2080,http://bj.58.com/pinpaigongyu/29882974798537x.shtml
【合租】龙泽 融泽嘉园一号院 1室主卧,融泽嘉园一号院,2380,http://bj.58.com/pinpaigongyu/29161452664874x.shtml
【合租】亚运村小营 惠忠里小区 3室主卧,惠忠里小区,2100,http://bj.58.com/pinpaigongyu/29861480118317x.shtml
【合租】国贸 金隅康惠园 3室主卧,金隅康惠园,2200,http://bj.58.com/pinpaigongyu/29591935770163x.shtml
【整租】乐乎公寓 通州北苑 通州北苑店,通州北苑,2300-2600,http://bj.58.com/pinpaigongyu/29472959912765x.shtml
【整租】定福庄 乐乎公寓 1室1厅,【整租】定福庄,2599,http://bj.58.com/pinpaigongyu/29916647261518x.shtml
【整租】远江公寓 运河大街 运河大街店,运河大街,2999-3379,http://bj.58.com/pinpaigongyu/29936381652302x.shtml
【合租】潘家园 潘家园南里 4室次卧,潘家园南里,2690,http://bj.58.com/pinpaigongyu/29960770938959x.shtml
【整租】沙河 兆丰家园东区 1室0厅,兆丰家园东区,2200,http://bj.58.com/pinpaigongyu/29938211546025x.shtml
【整租】乐乎公寓 十里河 十里河店,十里河,3000-3500,http://bj.58.com/pinpaigongyu/29991436892351x.shtml
【合租】朝阳公园 姚家园西里5号院 3室主卧,姚家园西里5号院,2660,http://bj.58.com/pinpaigongyu/30001554525375x.shtml
【整租】熊猫公寓 武夷花园 百合湾店,武夷花园,2700-3000,http://bj.58.com/pinpaigongyu/29948797922866x.shtml
【整租】定福庄 四惠传媒大学宿舍 1室1厅,四惠传媒大学宿舍,3000,http://bj.58.com/pinpaigongyu/29174711363905x.shtml
【合租】孙河 康营小区 3室次卧,康营小区,2230,http://bj.58.com/pinpaigongyu/30003631466574x.shtml
【整租】东坝 金隅悦和园 3室1厅,金隅悦和园,3780,http://bj.58.com/pinpaigongyu/29647351534530x.shtml
【整租】青遇home 高碑店 青遇店,高碑店,2700,http://bj.58.com/pinpaigongyu/29761578923960x.shtml
【合租】龙泽 融泽嘉园2号院 3室主卧,融泽嘉园2号院,2380,http://bj.58.com/pinpaigongyu/29934339452842x.shtml
【整租】东坝 金隅汇景苑 2室1厅,金隅汇景苑,3900,http://bj.58.com/pinpaigongyu/29651923112009x.shtml
【合租】西二旗 融泽嘉园8号院 2室主卧,融泽嘉园8号院,2380,http://bj.58.com/pinpaigongyu/29746319183303x.shtml
【整租】青遇home 双桥 青遇新动漫,双桥,2300-2500,http://bj.58.com/pinpaigongyu/29926222620222x.shtml
【合租】龙泽 融泽嘉园一号院 3室次卧,融泽嘉园一号院,2080,http://bj.58.com/pinpaigongyu/29341625924425x.shtml
【合租】大望路 观音惠园 3室主卧,观音惠园,2300,http://bj.58.com/pinpaigongyu/29923269909582x.shtml
【合租】龙泽 融泽嘉园6号院 3室主卧,融泽嘉园6号院,2100,http://bj.58.com/pinpaigongyu/29727801164488x.shtml
【整租】西北旺 大牛坊一期 1室1厅,大牛坊一期,3500,http://bj.58.com/pinpaigongyu/28080975441587x.shtml
【整租】乐乎公寓 通州北苑 通州北苑店,通州北苑,2300-2600,http://bj.58.com/pinpaigongyu/29472959912765x.shtml
【合租】孙河 康营小区 3室次卧,康营小区,2230,http://bj.58.com/pinpaigongyu/30003631466574x.shtml
【整租】远江公寓 运河大街 运河大街店,运河大街,2999-3379,http://bj.58.com/pinpaigongyu/29936381652302x.shtml
【合租】定福庄 珠江绿洲家园 4室主卧,珠江绿洲家园,2900,http://bj.58.com/pinpaigongyu/29981348104504x.shtml
【合租】回龙观 龙禧苑二区 3室主卧,龙禧苑二区,2399,http://bj.58.com/pinpaigongyu/29572358313282x.shtml
【整租】乐乎公寓 十里河 十里河店,十里河,3000-3500,http://bj.58.com/pinpaigongyu/29991436892351x.shtml
【整租】定福庄 函数公寓（传媒大 1室1厅,【整租】定福庄,3800,http://bj.58.com/pinpaigongyu/29558725324866x.shtml
【整租】熊猫公寓 武夷花园 百合湾店,武夷花园,2700-3000,http://bj.58.com/pinpaigongyu/29948797922866x.shtml
【整租】通州北苑 通州北苑 1室0厅,通州北苑,2300,http://bj.58.com/pinpaigongyu/29448673139785x.shtml
【整租】十里河 十里河乐乎城市青 1室1厅,十里河乐乎城市青,3100,http://bj.58.com/pinpaigongyu/29935309071665x.shtml
【合租】龙泽 融泽嘉园6号院 3室主卧,融泽嘉园6号院,2100,http://bj.58.com/pinpaigongyu/29727801164488x.shtml
【整租】青遇home 高碑店 青遇店,高碑店,2700,http://bj.58.com/pinpaigongyu/29761578923960x.shtml
【合租】西二旗 融泽嘉园8号院 3室主卧,融泽嘉园8号院,2180,http://bj.58.com/pinpaigongyu/29769370389165x.shtml
【合租】西二旗 融泽嘉园8号院 3室主卧,融泽嘉园8号院,2280,http://bj.58.com/pinpaigongyu/29447531680436x.shtml
【合租】龙泽 融泽嘉园2号院 4室主卧,融泽嘉园2号院,2180,http://bj.58.com/pinpaigongyu/29602536413770x.shtml
【整租】青遇home 双桥 青遇新动漫,双桥,2300-2500,http://bj.58.com/pinpaigongyu/29926222620222x.shtml
【合租】龙泽 融泽嘉园2号院 3室主卧,融泽嘉园2号院,2080,http://bj.58.com/pinpaigongyu/29882083880489x.shtml
【合租】北苑 绣菊园北区 4室主卧,绣菊园北区,2800,http://bj.58.com/pinpaigongyu/29064639274310x.shtml
【合租】朝青板块 金隅汇星苑 3室次卧,金隅汇星苑,2090,http://bj.58.com/pinpaigongyu/29549665176015x.shtml
【整租】西北旺 大牛坊一期 1室1厅,大牛坊一期,3500,http://bj.58.com/pinpaigongyu/29948134528580x.shtml
【整租】乐乎公寓 通州北苑 通州北苑店,通州北苑,2300-2600,http://bj.58.com/pinpaigongyu/29472959912765x.shtml
【整租】芍药居 芍药居乐乎城市青 1室1厅,芍药居乐乎城市青,3100,http://bj.58.com/pinpaigongyu/29869988240076x.shtml
【整租】远江公寓 运河大街 运河大街店,运河大街,2999-3379,http://bj.58.com/pinpaigongyu/29936381652302x.shtml
【合租】定福庄 珠江绿洲家园 4室次卧,珠江绿洲家园,2700,http://bj.58.com/pinpaigongyu/29816240247228x.shtml
【合租】望京 望京西园三区 4室次卧,望京西园三区,3000,http://bj.58.com/pinpaigongyu/29838719366058x.shtml
【整租】乐乎公寓 十里河 十里河店,十里河,3000-3500,http://bj.58.com/pinpaigongyu/29991436892351x.shtml
【合租】和平里 和平里东街12号 3室次卧,和平里东街12号,2980,http://bj.58.com/pinpaigongyu/29794737716012x.shtml
【整租】熊猫公寓 武夷花园 百合湾店,武夷花园,2700-3000,http://bj.58.com/pinpaigongyu/29948797922866x.shtml
【合租】常营  3室次卧,3室次卧,2490,http://bj.58.com/pinpaigongyu/29957478421044x.shtml
【整租】乐乎公寓 木樨园 木樨园门店,木樨园,3000-3600,http://bj.58.com/pinpaigongyu/29628503738554x.shtml
【合租】西二旗 融泽嘉园8号院 3室主卧,融泽嘉园8号院,2080,http://bj.58.com/pinpaigongyu/29913944382648x.shtml
【整租】青遇home 高碑店 青遇店,高碑店,2700,http://bj.58.com/pinpaigongyu/29761578923960x.shtml
【合租】崇文门 新景家园东区(东 4室主卧,新景家园东区(东,3700,http://bj.58.com/pinpaigongyu/29760424063153x.shtml
【整租】西北旺 大牛坊一期 1室1厅,大牛坊一期,3700,http://bj.58.com/pinpaigongyu/29737126120781x.shtml
【合租】西二旗 融泽嘉园8号院 3室主卧,融泽嘉园8号院,2380,http://bj.58.com/pinpaigongyu/28518823220550x.shtml
【整租】青遇home 双桥 青遇新动漫,双桥,2300-2500,http://bj.58.com/pinpaigongyu/29926222620222x.shtml
【合租】西二旗 融泽嘉园8号院 3室主卧,融泽嘉园8号院,2080,http://bj.58.com/pinpaigongyu/29879725634097x.shtml
【合租】国贸 金隅康惠园 3室主卧,金隅康惠园,2200,http://bj.58.com/pinpaigongyu/29506182688428x.shtml
【合租】常营 保利嘉园 3室主卧,保利嘉园,2050,http://bj.58.com/pinpaigongyu/29794058463937x.shtml
【合租】大望路 观音惠园 3室主卧,观音惠园,2389,http://bj.58.com/pinpaigongyu/29956709435585x.shtml
【整租】乐乎公寓 立水桥 立水桥门店,立水桥,3100-3500,http://bj.58.com/pinpaigongyu/29670872452537x.shtml
【合租】天通苑 天通苑西三区 4室主卧,天通苑西三区,2890,http://bj.58.com/pinpaigongyu/30001907717709x.shtml
【整租】乐乎公寓 通州北苑 通州北苑店,通州北苑,2300-2600,http://bj.58.com/pinpaigongyu/29472959912765x.shtml
【整租】十里河 十里河乐乎城市青 1室1厅,十里河乐乎城市青,3300,http://bj.58.com/pinpaigongyu/29937739084101x.shtml
【合租】后沙峪 莲竹花园 3室主卧,莲竹花园,2060,http://bj.58.com/pinpaigongyu/29856681743542x.shtml
【整租】远江公寓 运河大街 运河大街店,运河大街,2999-3379,http://bj.58.com/pinpaigongyu/29936381652302x.shtml
【合租】回龙观 北店嘉园 3室次卧,北店嘉园,2130,http://bj.58.com/pinpaigongyu/30003280193961x.shtml
【整租】乐乎公寓 十里河 十里河店,十里河,3000-3500,http://bj.58.com/pinpaigongyu/29991436892351x.shtml
【整租】双桥 双桥小区 1室0厅,双桥小区,3800,http://bj.58.com/pinpaigongyu/29073615361986x.shtml
【整租】沙河 巩华家园 1室0厅,巩华家园,2200,http://bj.58.com/pinpaigongyu/29925708309443x.shtml
【合租】大望路 观音惠园 3室主卧,观音惠园,2389,http://bj.58.com/pinpaigongyu/29956709435585x.shtml
【整租】青遇home 高碑店 青遇店,高碑店,2700,http://bj.58.com/pinpaigongyu/29761578923960x.shtml
【合租】北沙滩 北沙滩8号院 2室次卧,北沙滩8号院,2200,http://bj.58.com/pinpaigongyu/29447690170807x.shtml
【合租】西北旺 大牛坊一期 3室主卧,大牛坊一期,2090,http://bj.58.com/pinpaigongyu/29968713285070x.shtml
【合租】西二旗 融泽嘉园8号院 3室主卧,融泽嘉园8号院,2080,http://bj.58.com/pinpaigongyu/29879303010483x.shtml
【整租】青遇home 双桥 青遇新动漫,双桥,2300-2500,http://bj.58.com/pinpaigongyu/29926222620222x.shtml
【合租】西二旗 智学苑 3室次卧,智学苑,2100,http://bj.58.com/pinpaigongyu/29614497428521x.shtml
【整租】西北旺 大牛坊二期 1室1厅,大牛坊二期,3400,http://bj.58.com/pinpaigongyu/29525746657080x.shtml
【合租】龙泽 融泽嘉园6号院 2室主卧,融泽嘉园6号院,2280,http://bj.58.com/pinpaigongyu/29480647049163x.shtml
【整租】西北旺 大牛坊一期 1室0厅,大牛坊一期,3400,http://bj.58.com/pinpaigongyu/29639002975662x.shtml
【整租】乐乎公寓 立水桥 立水桥门店,立水桥,3100-3500,http://bj.58.com/pinpaigongyu/29670872452537x.shtml
【整租】西三旗 枫丹丽舍 1室0厅,枫丹丽舍,3300,http://bj.58.com/pinpaigongyu/29991896523344x.shtml
【整租】乐乎公寓 通州北苑 通州北苑店,通州北苑,2300-2600,http://bj.58.com/pinpaigongyu/29472959912765x.shtml
【整租】双桥 乐乎城市青年社区 1室1厅,【整租】双桥,2698,http://bj.58.com/pinpaigongyu/29867705598779x.shtml
【整租】十里河 十里河乐乎城市青 1室1厅,十里河乐乎城市青,3400,http://bj.58.com/pinpaigongyu/29879789445694x.shtml
【整租】远江公寓 运河大街 运河大街店,运河大街,2999-3379,http://bj.58.com/pinpaigongyu/29936381652302x.shtml
【整租】望京 香江北岸 1室0厅,香江北岸,3600,http://bj.58.com/pinpaigongyu/29982113925169x.shtml
【整租】乐乎公寓 十里河 十里河店,十里河,3000-3500,http://bj.58.com/pinpaigongyu/29991436892351x.shtml
【合租】四惠 圣华原 3室主卧,圣华原,2390,http://bj.58.com/pinpaigongyu/29627144145717x.shtml
【整租】劲松 乐乎城市青年社区 1室1厅,【整租】劲松,3200,http://bj.58.com/pinpaigongyu/30001174771269x.shtml
【合租】崇文门 新景家园东区 2室主卧,新景家园东区,3000,http://bj.58.com/pinpaigongyu/29770581660108x.shtml
【整租】青遇home 高碑店 青遇店,高碑店,2700,http://bj.58.com/pinpaigongyu/29761578923960x.shtml
【合租】国贸 观音惠园 3室主卧,观音惠园,2500,http://bj.58.com/pinpaigongyu/29691274682427x.shtml
【合租】西二旗 融泽嘉园8号院 3室主卧,融泽嘉园8号院,2080,http://bj.58.com/pinpaigongyu/29934229054407x.shtml
【整租】北苑 茉藜园 1室1厅,茉藜园,3000,http://bj.58.com/pinpaigongyu/29779817574723x.shtml
【整租】青遇home 双桥 青遇新动漫,双桥,2300-2500,http://bj.58.com/pinpaigongyu/29926222620222x.shtml
【合租】常营 慧合公寓 3室主卧,【合租】常营,2060,http://bj.58.com/pinpaigongyu/29978801173939x.shtml
【合租】龙泽 融泽嘉园2号院 4室主卧,融泽嘉园2号院,2380,http://bj.58.com/pinpaigongyu/29171456233133x.shtml
【合租】西苑 大有北里 3室次卧,大有北里,2090,http://bj.58.com/pinpaigongyu/29538287488825x.shtml
【合租】香山 和泓四季 3室主卧,和泓四季,2499,http://bj.58.com/pinpaigongyu/29934803372218x.shtml
【整租】乐乎公寓 立水桥 立水桥门店,立水桥,3100-3500,http://bj.58.com/pinpaigongyu/29670872452537x.shtml
【整租】乐乎公寓 四惠 传媒大学店,四惠,2699-3399,http://bj.58.com/pinpaigongyu/29770982564143x.shtml
【整租】乐乎公寓 通州北苑 通州北苑店,通州北苑,2300-2600,http://bj.58.com/pinpaigongyu/29472959912765x.shtml
【整租】十里河 十里河乐乎城市青 1室1厅,十里河乐乎城市青,3300,http://bj.58.com/pinpaigongyu/29916057691462x.shtml
【合租】望京 方舟苑 3室次卧,方舟苑,2200,http://bj.58.com/pinpaigongyu/29883484579391x.shtml
【整租】远江公寓 运河大街 运河大街店,运河大街,2999-3379,http://bj.58.com/pinpaigongyu/29936381652302x.shtml
【整租】沙河 顺沙路8号院一区 1室1厅,顺沙路8号院一区,2360,http://bj.58.com/pinpaigongyu/29728489945163x.shtml
【整租】乐乎公寓 十里河 十里河店,十里河,3000-3500,http://bj.58.com/pinpaigongyu/29991436892351x.shtml
【整租】定福庄 函数公寓 1室1厅,【整租】定福庄,2500,http://bj.58.com/pinpaigongyu/29845748728618x.shtml
【整租】双桥 乐乎城市青年社区 1室1厅,【整租】双桥,2599,http://bj.58.com/pinpaigongyu/29359584065591x.shtml
【合租】西二旗 燕尚园 3室次卧,燕尚园,2390,http://bj.58.com/pinpaigongyu/29825191830092x.shtml
【整租】青遇home 高碑店 青遇店,高碑店,2700,http://bj.58.com/pinpaigongyu/29761578923960x.shtml
【合租】芍药居 芍药居北里小区 3室主卧,芍药居北里小区,2600,http://bj.58.com/pinpaigongyu/28253854081467x.shtml
【合租】双桥 金隅康惠园 3室主卧,金隅康惠园,2400,http://bj.58.com/pinpaigongyu/29935088360889x.shtml
【整租】西北旺 大牛坊一期 1室1厅,大牛坊一期,3700,http://bj.58.com/pinpaigongyu/29961107062833x.shtml
【整租】青遇home 双桥 青遇新动漫,双桥,2300-2500,http://bj.58.com/pinpaigongyu/29926222620222x.shtml
【合租】龙泽 融泽嘉园一号院 3室主卧,融泽嘉园一号院,2380,http://bj.58.com/pinpaigongyu/29430301488693x.shtml
【合租】北苑 绣菊园北区 4室主卧,绣菊园北区,3200,http://bj.58.com/pinpaigongyu/29749507511098x.shtml
【合租】龙泽 融泽嘉园2号院 3室主卧,融泽嘉园2号院,2180,http://bj.58.com/pinpaigongyu/29619337134013x.shtml
【合租】西二旗 领秀新硅谷C区 6室主卧,领秀新硅谷C区,2790,http://bj.58.com/pinpaigongyu/29696241889193x.shtml
【整租】乐乎公寓 立水桥 立水桥门店,立水桥,3100-3500,http://bj.58.com/pinpaigongyu/29670872452537x.shtml
【整租】定福庄 函数公寓 1室1厅,【整租】定福庄,2500,http://bj.58.com/pinpaigongyu/29845748728618x.shtml
【整租】乐乎公寓 通州北苑 通州北苑店,通州北苑,2300-2600,http://bj.58.com/pinpaigongyu/29472959912765x.shtml
【整租】定福庄 函数公寓 1室1厅,【整租】定福庄,3100,http://bj.58.com/pinpaigongyu/29770594630318x.shtml
【合租】龙泽 新龙城 3室次卧,新龙城,2060,http://bj.58.com/pinpaigongyu/29617573369513x.shtml
【整租】远江公寓 运河大街 运河大街店,运河大街,2999-3379,http://bj.58.com/pinpaigongyu/29936381652302x.shtml
【合租】六里桥 永翌公馆 3室次卧,永翌公馆,2900,http://bj.58.com/pinpaigongyu/29925928120879x.shtml
【整租】乐乎公寓 十里河 十里河店,十里河,3000-3500,http://bj.58.com/pinpaigongyu/29991436892351x.shtml
【合租】广安门外 三义东里 3室次卧,三义东里,2300,http://bj.58.com/pinpaigongyu/29293936292552x.shtml
【合租】广渠门 安化北里 3室主卧,安化北里,2000,http://bj.58.com/pinpaigongyu/29691364952374x.shtml
【合租】北苑 绣菊园北区 4室主卧,绣菊园北区,3200,http://bj.58.com/pinpaigongyu/29749507511098x.shtml
【整租】青遇home 双桥 青遇新动漫,双桥,2300,http://bj.58.com/pinpaigongyu/29926256358472x.shtml
【合租】西二旗 领秀新硅谷C区 6室主卧,领秀新硅谷C区,2790,http://bj.58.com/pinpaigongyu/29696241889193x.shtml
【合租】亚运村 大屯里小区 3室次卧,大屯里小区,2600,http://bj.58.com/pinpaigongyu/29618192717871x.shtml
【合租】芍药居 芍药居9号院 3室主卧,芍药居9号院,3099,http://bj.58.com/pinpaigongyu/29850925162948x.shtml
【整租】青遇home 高碑店 青遇店,高碑店,2700,http://bj.58.com/pinpaigongyu/29761578923960x.shtml
【合租】西二旗 金域华府 3室主卧,金域华府,2080,http://bj.58.com/pinpaigongyu/29757216592180x.shtml
【整租】东坝 金隅汇景苑 2室1厅,金隅汇景苑,4000,http://bj.58.com/pinpaigongyu/29660491274824x.shtml
【合租】九棵树 K2玉兰湾 5室主卧,K2玉兰湾,2450,http://bj.58.com/pinpaigongyu/29669532729654x.shtml
【合租】龙泽 融泽嘉园6号院 3室主卧,融泽嘉园6号院,2280,http://bj.58.com/pinpaigongyu/29591661330370x.shtml
【整租】乐乎公寓 立水桥 立水桥门店,立水桥,3100-3500,http://bj.58.com/pinpaigongyu/29670872452537x.shtml
【合租】天通苑 天通苑本五区 5室主卧,天通苑本五区,2760,http://bj.58.com/pinpaigongyu/30001852656974x.shtml
【整租】乐乎公寓 通州北苑 通州北苑店,通州北苑,2300-2600,http://bj.58.com/pinpaigongyu/29472959912765x.shtml
【合租】松榆里 周庄嘉园东里 3室主卧,周庄嘉园东里,2990,http://bj.58.com/pinpaigongyu/29960740347954x.shtml
【整租】沙河 兆丰家园东区 1室0厅,兆丰家园东区,2100,http://bj.58.com/pinpaigongyu/29949207698123x.shtml
【整租】远江公寓 运河大街 运河大街店,运河大街,2999-3379,http://bj.58.com/pinpaigongyu/29936381652302x.shtml
【整租】沙河 兆丰家园东区 1室1厅,兆丰家园东区,2260,http://bj.58.com/pinpaigongyu/29956620878648x.shtml
【整租】乐乎公寓 十里河 十里河店,十里河,3000-3500,http://bj.58.com/pinpaigongyu/29991436892351x.shtml
【合租】朝青板块 金隅汇星苑 3室主卧,金隅汇星苑,2780,http://bj.58.com/pinpaigongyu/29960516265295x.shtml
【合租】西二旗 领秀新硅谷C区 4室次卧,领秀新硅谷C区,2090,http://bj.58.com/pinpaigongyu/29793950556216x.shtml
【合租】常营 保利嘉园 3室主卧,保利嘉园,2280,http://bj.58.com/pinpaigongyu/29993227029197x.shtml
【整租】青遇home 双桥 青遇新动漫,双桥,2300,http://bj.58.com/pinpaigongyu/29926256358472x.shtml
【合租】亚运村 安慧北里逸园 3室主卧,安慧北里逸园,3000,http://bj.58.com/pinpaigongyu/29980435898570x.shtml
【合租】西二旗 领秀新硅谷C区 4室次卧,领秀新硅谷C区,2290,http://bj.58.com/pinpaigongyu/29838252662348x.shtml
【合租】龙泽 融泽嘉园2号院 2室主卧,融泽嘉园2号院,2380,http://bj.58.com/pinpaigongyu/29558081627341x.shtml
【整租】青遇home 高碑店 青遇店,高碑店,2700,http://bj.58.com/pinpaigongyu/29761578923960x.shtml
【合租】西二旗 融泽嘉园8号院 3室主卧,融泽嘉园8号院,2480,http://bj.58.com/pinpaigongyu/29528942524603x.shtml
【整租】芍药居 芍药居北里小区 1室1厅,芍药居北里小区,3800,http://bj.58.com/pinpaigongyu/29945961905337x.shtml
【整租】西北旺 六里屯小区 1室1厅,六里屯小区,3800,http://bj.58.com/pinpaigongyu/29968697496646x.shtml
【合租】芍药居 芍药居北里小区 3室主卧,芍药居北里小区,2750,http://bj.58.com/pinpaigongyu/29639010394441x.shtml
【整租】乐乎公寓 立水桥 立水桥门店,立水桥,3100-3500,http://bj.58.com/pinpaigongyu/29670872452537x.shtml
【合租】惠新西街 樱花园 3室主卧,樱花园,2490,http://bj.58.com/pinpaigongyu/29627566077745x.shtml
【整租】乐乎公寓 通州北苑 通州北苑店,通州北苑,2300-2600,http://bj.58.com/pinpaigongyu/29472959912765x.shtml
【合租】西二旗 领秀新硅谷C区 4室次卧,领秀新硅谷C区,2090,http://bj.58.com/pinpaigongyu/29793950556216x.shtml
【合租】龙泽 融泽嘉园6号院 4室主卧,融泽嘉园6号院,2250,http://bj.58.com/pinpaigongyu/29284981873457x.shtml
【整租】远江公寓 运河大街 运河大街店,运河大街,2999-3379,http://bj.58.com/pinpaigongyu/29936381652302x.shtml
【整租】定福庄 函数公寓 1室1厅,【整租】定福庄,2500,http://bj.58.com/pinpaigongyu/29834774539052x.shtml
【整租】乐乎公寓 十里河 十里河店,十里河,3000-3500,http://bj.58.com/pinpaigongyu/29991436892351x.shtml
【整租】西三旗 建材城东一里 1室1厅,建材城东一里,2800,http://bj.58.com/pinpaigongyu/29702996483662x.shtml
【合租】管庄 汇鸿家园 3室主卧,汇鸿家园,2480,http://bj.58.com/pinpaigongyu/30003809100621x.shtml
【合租】肖家河 肖家河回迁住宅( 3室次卧,肖家河回迁住宅(,2190,http://bj.58.com/pinpaigongyu/29971488707906x.shtml
【整租】青遇home 双桥 青遇新动漫,双桥,2300,http://bj.58.com/pinpaigongyu/29926256358472x.shtml
【整租】东坝 金隅汇景苑 3室2厅,金隅汇景苑,4000,http://bj.58.com/pinpaigongyu/29950414973899x.shtml
【合租】龙泽 融泽嘉园2号院 3室主卧,融泽嘉园2号院,2380,http://bj.58.com/pinpaigongyu/29889952437708x.shtml
【整租】西北旺 大牛坊一期 1室1厅,大牛坊一期,3300,http://bj.58.com/pinpaigongyu/29940241173439x.shtml
【整租】青遇home 高碑店 青遇店,高碑店,2700,http://bj.58.com/pinpaigongyu/29761578923960x.shtml
【合租】肖家河 肖家河回迁住宅( 3室主卧,肖家河回迁住宅(,2400,http://bj.58.com/pinpaigongyu/30001308999211x.shtml
【合租】肖家河 肖家河回迁住宅( 3室主卧,肖家河回迁住宅(,2400,http://bj.58.com/pinpaigongyu/29949946177970x.shtml
【合租】龙泽 融泽嘉园一号院 1室主卧,融泽嘉园一号院,2180,http://bj.58.com/pinpaigongyu/29723811427406x.shtml
【合租】九棵树 K2玉兰湾 5室次卧,K2玉兰湾,2300,http://bj.58.com/pinpaigongyu/29934218730553x.shtml
【整租】乐乎公寓 立水桥 立水桥门店,立水桥,3100-3500,http://bj.58.com/pinpaigongyu/29670872452537x.shtml
【整租】十里河 乐乎城市青年社区 1室1厅,【整租】十里河,3200,http://bj.58.com/pinpaigongyu/30001271249103x.shtml
【整租】乐乎公寓 通州北苑 通州北苑店,通州北苑,2300-2600,http://bj.58.com/pinpaigongyu/29472959912765x.shtml
【合租】望京 南湖中园 3室主卧,南湖中园,3390,http://bj.58.com/pinpaigongyu/29960326457404x.shtml
【合租】后沙峪 吉祥花园 3室主卧,吉祥花园,2100,http://bj.58.com/pinpaigongyu/29514130050368x.shtml
【整租】远江公寓 运河大街 运河大街店,运河大街,2999-3379,http://bj.58.com/pinpaigongyu/29936381652302x.shtml
【整租】高碑店 乐乎城市青年社区 1室1厅,【整租】高碑店,2499,http://bj.58.com/pinpaigongyu/29470705684544x.shtml
【整租】乐乎公寓 十里河 十里河店,十里河,3000-3500,http://bj.58.com/pinpaigongyu/29991436892351x.shtml
【合租】西二旗 西二旗小区 3室主卧,西二旗小区,2400,http://bj.58.com/pinpaigongyu/29968078805555x.shtml
【整租】十里河 乐乎城市青年社区 1室1厅,【整租】十里河,3199,http://bj.58.com/pinpaigongyu/30001285429428x.shtml
【整租】奥林匹克公园 15号线空港公寓 1室1厅,【整租】奥林匹克公园,2200,http://bj.58.com/pinpaigongyu/29760342353838x.shtml
【整租】青遇home 双桥 青遇新动漫,双桥,2300,http://bj.58.com/pinpaigongyu/29926256358472x.shtml
【合租】龙泽 融泽嘉园一号院 3室次卧,融泽嘉园一号院,2080,http://bj.58.com/pinpaigongyu/29195600356672x.shtml
【合租】垡头 观音惠园 3室主卧,观音惠园,2200,http://bj.58.com/pinpaigongyu/29879021048243x.shtml
【合租】望京 花家地小区 2室主卧,花家地小区,2200,http://bj.58.com/pinpaigongyu/29724783743657x.shtml
【整租】青遇home 高碑店 青遇店,高碑店,2700,http://bj.58.com/pinpaigongyu/29761578923960x.shtml
【合租】西二旗 融泽嘉园8号院 3室主卧,融泽嘉园8号院,2300,http://bj.58.com/pinpaigongyu/29397279329332x.shtml
【整租】土桥 太玉园西区 3室2厅,太玉园西区,3100,http://bj.58.com/pinpaigongyu/29613818436285x.shtml
【合租】龙泽 融泽嘉园6号院 3室主卧,融泽嘉园6号院,2080,http://bj.58.com/pinpaigongyu/29845850843441x.shtml
【合租】龙泽 融泽嘉园6号院 3室主卧,融泽嘉园6号院,2080,http://bj.58.com/pinpaigongyu/29867685694258x.shtml
【整租】乐乎公寓 立水桥 立水桥门店,立水桥,3100-3500,http://bj.58.com/pinpaigongyu/29670872452537x.shtml
【合租】四惠 通惠家园惠生园 5室主卧,通惠家园惠生园,3640,http://bj.58.com/pinpaigongyu/30003315575752x.shtml
【整租】乐乎公寓 通州北苑 通州北苑店,通州北苑,2300-2600,http://bj.58.com/pinpaigongyu/29472959912765x.shtml
【合租】回龙观 回龙观新村东区 3室次卧,回龙观新村东区,2490,http://bj.58.com/pinpaigongyu/30002930253136x.shtml
【合租】亦庄 富源里 3室主卧,富源里,2360,http://bj.58.com/pinpaigongyu/29683644682932x.shtml
【整租】远江公寓 运河大街 运河大街店,运河大街,2999-3379,http://bj.58.com/pinpaigongyu/29936381652302x.shtml
【合租】角门 西马场北里 3室主卧,西马场北里,2360,http://bj.58.com/pinpaigongyu/29261750284461x.shtml
【整租】乐乎公寓 十里河 十里河店,十里河,3000-3500,http://bj.58.com/pinpaigongyu/29991436892351x.shtml
【整租】亦庄 万源街乐乎城市青 1室1厅,万源街乐乎城市青,2730,http://bj.58.com/pinpaigongyu/29794216349756x.shtml
【合租】四惠 东恒时代一期 3室主卧,东恒时代一期,2190,http://bj.58.com/pinpaigongyu/29627067987629x.shtml
【整租】土桥 太玉园西区 3室2厅,太玉园西区,3100,http://bj.58.com/pinpaigongyu/29613818436285x.shtml
【整租】青遇home 双桥 青遇新动漫,双桥,2300,http://bj.58.com/pinpaigongyu/29926256358472x.shtml
【合租】龙泽 融泽嘉园6号院 3室主卧,融泽嘉园6号院,2080,http://bj.58.com/pinpaigongyu/29867685694258x.shtml
【整租】东坝 保利首开天誉(公 1室1厅,保利首开天誉(公,3500,http://bj.58.com/pinpaigongyu/29152911894450x.shtml
【合租】亚运村 光大名筑 4室主卧,光大名筑,2700,http://bj.58.com/pinpaigongyu/29308676015302x.shtml
【整租】青遇home 高碑店 青遇店,高碑店,2700,http://bj.58.com/pinpaigongyu/29761578923960x.shtml
【合租】亚运村 汇源公寓 3室次卧,【合租】亚运村,2300,http://bj.58.com/pinpaigongyu/28708498828074x.shtml
【整租】青遇home 双桥 青遇新动漫,双桥,2400,http://bj.58.com/pinpaigongyu/29978998417998x.shtml
【合租】亚运村小营 嘉铭桐城E区 2室主卧,嘉铭桐城E区,3700,http://bj.58.com/pinpaigongyu/29682500888765x.shtml
【合租】温泉 环保嘉苑 3室主卧,环保嘉苑,2490,http://bj.58.com/pinpaigongyu/29692611517900x.shtml
【整租】乐乎公寓 立水桥 立水桥门店,立水桥,3100-3500,http://bj.58.com/pinpaigongyu/29670872452537x.shtml
【整租】定福庄 乐乎城市青年社区 1室1厅,【整租】定福庄,2499,http://bj.58.com/pinpaigongyu/29996863159749x.shtml
【整租】乐乎公寓 通州北苑 通州北苑店,通州北苑,2300-2600,http://bj.58.com/pinpaigongyu/29472959912765x.shtml
【整租】潘家园 乐乎城市青年社区 1室1厅,【整租】潘家园,3199,http://bj.58.com/pinpaigongyu/30001311956940x.shtml
【整租】沙河 巩华家园 1室0厅,巩华家园,2199,http://bj.58.com/pinpaigongyu/29826127935432x.shtml
【整租】远江公寓 运河大街 运河大街店,运河大街,2999-3379,http://bj.58.com/pinpaigongyu/29936381652302x.shtml
【合租】回龙观 首开智慧社 3室主卧,首开智慧社,2100,http://bj.58.com/pinpaigongyu/29957585482431x.shtml
【整租】乐乎公寓 十里河 十里河店,十里河,3000-3500,http://bj.58.com/pinpaigongyu/29991436892351x.shtml
【合租】天通苑 天通苑北二区 3室主卧,天通苑北二区,2690,http://bj.58.com/pinpaigongyu/30001843993417x.shtml
【整租】十里河 十里河乐乎城市青 1室0厅,十里河乐乎城市青,3300,http://bj.58.com/pinpaigongyu/29937886299826x.shtml
【整租】东坝 金驹家园 2室1厅,金驹家园,3600,http://bj.58.com/pinpaigongyu/29650859160366x.shtml
【整租】青遇home 双桥 青遇新动漫,双桥,2300,http://bj.58.com/pinpaigongyu/29926256358472x.shtml
【整租】东坝 金隅汇景苑 2室1厅,金隅汇景苑,3800,http://bj.58.com/pinpaigongyu/29651828363845x.shtml
【合租】龙泽 融泽嘉园6号院 3室主卧,融泽嘉园6号院,2080,http://bj.58.com/pinpaigongyu/29591262121541x.shtml
【合租】西二旗 融泽嘉园8号院 3室主卧,融泽嘉园8号院,2370,http://bj.58.com/pinpaigongyu/29948283784630x.shtml
【整租】青遇home 高碑店 青遇店,高碑店,2700,http://bj.58.com/pinpaigongyu/29761578923960x.shtml
【整租】东坝 金隅汇景苑 2室1厅,金隅汇景苑,3900,http://bj.58.com/pinpaigongyu/29651740653757x.shtml
【合租】西二旗 领秀新硅谷C区 5室主卧,领秀新硅谷C区,2500,http://bj.58.com/pinpaigongyu/29826149948847x.shtml
【合租】九棵树 K2玉兰湾 5室主卧,K2玉兰湾,2100,http://bj.58.com/pinpaigongyu/29826988521007x.shtml
【合租】西二旗 智学苑 4室主卧,智学苑,2300,http://bj.58.com/pinpaigongyu/29836440857513x.shtml
【整租】乐乎公寓 立水桥 立水桥门店,立水桥,3100-3500,http://bj.58.com/pinpaigongyu/29670872452537x.shtml
【合租】回龙观 首开智慧社 3室主卧,首开智慧社,2100,http://bj.58.com/pinpaigongyu/29957585482431x.shtml
【整租】乐乎公寓 通州北苑 通州北苑店,通州北苑,2300-2600,http://bj.58.com/pinpaigongyu/29472959912765x.shtml
【合租】天通苑 天通苑北二区 3室主卧,天通苑北二区,2690,http://bj.58.com/pinpaigongyu/30001843993417x.shtml
【整租】十里河 十里河乐乎城市青 1室0厅,十里河乐乎城市青,3300,http://bj.58.com/pinpaigongyu/29937886299826x.shtml
【整租】远江公寓 运河大街 运河大街店,运河大街,2999-3379,http://bj.58.com/pinpaigongyu/29936381652302x.shtml
【整租】高米店 乐乎公寓 1室1厅,【整租】高米店,2100,http://bj.58.com/pinpaigongyu/29991361824188x.shtml
【整租】乐乎公寓 十里河 十里河店,十里河,3000-3500,http://bj.58.com/pinpaigongyu/29991436892351x.shtml
【合租】天通苑 天通苑北三区 3室主卧,天通苑北三区,2300,http://bj.58.com/pinpaigongyu/30002080976719x.shtml
【整租】国贸 国贸 乐乎城市青 1室1厅,国贸,3300,http://bj.58.com/pinpaigongyu/29974723934909x.shtml
【整租】东坝 金隅汇景苑 2室1厅,金隅汇景苑,3900,http://bj.58.com/pinpaigongyu/29651740653757x.shtml
【整租】青遇home 双桥 青遇新动漫,双桥,2300,http://bj.58.com/pinpaigongyu/29926256358472x.shtml
【合租】九棵树 K2玉兰湾 5室主卧,K2玉兰湾,2100,http://bj.58.com/pinpaigongyu/29826988521007x.shtml
【合租】西二旗 智学苑 4室主卧,智学苑,2300,http://bj.58.com/pinpaigongyu/29836440857513x.shtml
【整租】东坝 北京城建福润四季 2室1厅,北京城建福润四季,3600,http://bj.58.com/pinpaigongyu/29648244666285x.shtml
【整租】青遇home 高碑店 青遇店,高碑店,2700,http://bj.58.com/pinpaigongyu/29761578923960x.shtml
【合租】龙泽 融泽嘉园6号院 2室主卧,融泽嘉园6号院,2080,http://bj.58.com/pinpaigongyu/29757505074097x.shtml
【合租】龙泽 融泽嘉园一号院 3室主卧,融泽嘉园一号院,2380,http://bj.58.com/pinpaigongyu/29436961299792x.shtml
【合租】西二旗 领秀新硅谷C区 3室次卧,领秀新硅谷C区,2190,http://bj.58.com/pinpaigongyu/29805356102071x.shtml
【合租】亚运村 安慧里五区 3室主卧,安慧里五区,2600,http://bj.58.com/pinpaigongyu/29729235100240x.shtml
【整租】乐乎公寓 立水桥 立水桥门店,立水桥,3100-3500,http://bj.58.com/pinpaigongyu/29670872452537x.shtml
【整租】来广营 望京北乐乎城市青 1室1厅,望京北乐乎城市青,3300,http://bj.58.com/pinpaigongyu/29681041498573x.shtml
【整租】乐乎公寓 通州北苑 通州北苑店,通州北苑,2300-2600,http://bj.58.com/pinpaigongyu/29472959912765x.shtml
【合租】常营 北辰福第中区 3室次卧,北辰福第中区,2970,http://bj.58.com/pinpaigongyu/30003126338610x.shtml
【合租】朝阳公园 姚家园东里 3室次卧,姚家园东里,2890,http://bj.58.com/pinpaigongyu/29793870870323x.shtml
【整租】远江公寓 运河大街 运河大街店,运河大街,2999-3379,http://bj.58.com/pinpaigongyu/29936381652302x.shtml
【合租】德胜门 新街口外大街28 2室次卧,新街口外大街28,3720,http://bj.58.com/pinpaigongyu/29783045971121x.shtml
【整租】乐乎公寓 十里河 十里河店,十里河,3000-3500,http://bj.58.com/pinpaigongyu/29991436892351x.shtml
【合租】西二旗 融泽嘉园8号院 3室次卧,融泽嘉园8号院,2380,http://bj.58.com/pinpaigongyu/29914198089141x.shtml
【整租】十里河 十里河乐乎城市青 1室0厅,十里河乐乎城市青,3500,http://bj.58.com/pinpaigongyu/29747221031477x.shtml
【合租】肖家河 肖家河回迁住宅( 3室主卧,肖家河回迁住宅(,2890,http://bj.58.com/pinpaigongyu/29527173813945x.shtml
【整租】青遇home 双桥 青遇新动漫,双桥,2300,http://bj.58.com/pinpaigongyu/29926256358472x.shtml
【合租】北苑 佳兴园 3室主卧,佳兴园,2500,http://bj.58.com/pinpaigongyu/30003028995657x.shtml
【合租】龙泽 融泽嘉园一号院 3室主卧,融泽嘉园一号院,2180,http://bj.58.com/pinpaigongyu/29619359269184x.shtml
【合租】西二旗 领秀新硅谷C区 5室主卧,领秀新硅谷C区,2690,http://bj.58.com/pinpaigongyu/29526959432628x.shtml
【整租】青遇home 高碑店 青遇店,高碑店,2700,http://bj.58.com/pinpaigongyu/29761578923960x.shtml
【整租】东坝 北京城建·福润四 2室1厅,北京城建·福润四,3600,http://bj.58.com/pinpaigongyu/29647707096129x.shtml
【合租】肖家河 肖家河回迁住宅( 3室主卧,肖家河回迁住宅(,2400,http://bj.58.com/pinpaigongyu/29514274014146x.shtml
【整租】东坝 金隅汇景苑 3室1厅,金隅汇景苑,3980,http://bj.58.com/pinpaigongyu/29650162736710x.shtml
【合租】九棵树 K2玉兰湾 5室主卧,K2玉兰湾,2100,http://bj.58.com/pinpaigongyu/29849326978603x.shtml
【整租】乐乎公寓 立水桥 立水桥门店,立水桥,3100-3500,http://bj.58.com/pinpaigongyu/29670872452537x.shtml
【整租】十里河 十里河乐乎城市青 1室0厅,十里河乐乎城市青,3500,http://bj.58.com/pinpaigongyu/29747221031477x.shtml
【整租】乐乎公寓 通州北苑 通州北苑店,通州北苑,2300-2600,http://bj.58.com/pinpaigongyu/29472959912765x.shtml
【合租】青塔 万恒家园 4室主卧,万恒家园,2180,http://bj.58.com/pinpaigongyu/29639646310735x.shtml
【合租】广安门外 远见名苑 3室主卧,远见名苑,2260,http://bj.58.com/pinpaigongyu/29294233231042x.shtml
【整租】远江公寓 运河大街 运河大街店,运河大街,2999-3379,http://bj.58.com/pinpaigongyu/29936381652302x.shtml
【整租】乐乎公寓 常营 东晓景店,常营,2400-2650,http://bj.58.com/pinpaigongyu/29461674951631x.shtml
【整租】乐乎公寓 十里河 十里河店,十里河,3000-3500,http://bj.58.com/pinpaigongyu/29991436892351x.shtml
【合租】常营 连心园 3室主卧,连心园,2590,http://bj.58.com/pinpaigongyu/29960737996480x.shtml
【合租】龙泽 国仕汇 4室主卧,国仕汇,2720,http://bj.58.com/pinpaigongyu/30004073147724x.shtml
【合租】朝青板块 朝阳雅筑 3室主卧,朝阳雅筑,2070,http://bj.58.com/pinpaigongyu/29560847988663x.shtml
【整租】青遇home 双桥 青遇新动漫,双桥,2300,http://bj.58.com/pinpaigongyu/29926256358472x.shtml
【合租】西二旗 领秀新硅谷C区 5室主卧,领秀新硅谷C区,2890,http://bj.58.com/pinpaigongyu/29840702682825x.shtml
【合租】回龙观 融泽嘉园二号院 3室主卧,融泽嘉园二号院,2480,http://bj.58.com/pinpaigongyu/29714177237816x.shtml
【合租】九棵树 K2玉兰湾 5室次卧,K2玉兰湾,2000,http://bj.58.com/pinpaigongyu/29679857705656x.shtml
【整租】青遇home 高碑店 青遇店,高碑店,2700,http://bj.58.com/pinpaigongyu/29761578923960x.shtml
【合租】龙泽 融泽嘉园6号院 1室主卧,融泽嘉园6号院,2480,http://bj.58.com/pinpaigongyu/29724021693103x.shtml
【合租】潘家园 华威北里 3室次卧,华威北里,2280,http://bj.58.com/pinpaigongyu/29694347475769x.shtml
【合租】芍药居 芍药居北里小区 3室主卧,芍药居北里小区,2929,http://bj.58.com/pinpaigongyu/29980538722875x.shtml
【合租】龙泽 融泽嘉园2号院 3室主卧,融泽嘉园2号院,2180,http://bj.58.com/pinpaigongyu/29629002641480x.shtml
【整租】乐乎公寓 立水桥 立水桥门店,立水桥,3100-3500,http://bj.58.com/pinpaigongyu/29670872452537x.shtml
【合租】龙泽 新龙城 3室主卧,新龙城,2600,http://bj.58.com/pinpaigongyu/29905454869449x.shtml
【整租】乐乎公寓 通州北苑 通州北苑店,通州北苑,2300-2600,http://bj.58.com/pinpaigongyu/29472959912765x.shtml
【合租】上地 当代城市家园 4室次卧,当代城市家园,2480,http://bj.58.com/pinpaigongyu/29957399634746x.shtml
【整租】乐乎公寓 通州北苑 通州北苑店,通州北苑,2200-2600,http://bj.58.com/pinpaigongyu/29993266769360x.shtml
【整租】远江公寓 运河大街 运河大街店,运河大街,2999-3379,http://bj.58.com/pinpaigongyu/29936381652302x.shtml
【整租】双桥 乐乎城市青年社区 1室1厅,【整租】双桥,2519,http://bj.58.com/pinpaigongyu/29595115625296x.shtml
【整租】乐乎公寓 十里河 十里河店,十里河,3000-3500,http://bj.58.com/pinpaigongyu/29991436892351x.shtml
【合租】望京 望京花园东区 3室主卧,望京花园东区,2480,http://bj.58.com/pinpaigongyu/29957515895632x.shtml
【合租】回龙观 首开智慧社 3室主卧,首开智慧社,2130,http://bj.58.com/pinpaigongyu/29793927539643x.shtml
【合租】马连洼 春晖园 3室主卧,春晖园,2390,http://bj.58.com/pinpaigongyu/29978576347839x.shtml
【整租】青遇home 双桥 青遇新动漫,双桥,2300,http://bj.58.com/pinpaigongyu/29926256358472x.shtml
【合租】朝青板块 青年汇佳园 3室次卧,青年汇佳园,2150,http://bj.58.com/pinpaigongyu/29551654096059x.shtml
【整租】好客公寓 亦庄 好客公寓,亦庄,2500-2600,http://bj.58.com/pinpaigongyu/29075219114669x.shtml
【合租】四惠 朝阳旺角 3室主卧,朝阳旺角,2800,http://bj.58.com/pinpaigongyu/29669511217327x.shtml
【整租】青遇home 高碑店 青遇店,高碑店,2700,http://bj.58.com/pinpaigongyu/29761578923960x.shtml
【整租】百子湾 百子湾北京联合大 1室1厅,百子湾北京联合大,2380,http://bj.58.com/pinpaigongyu/29703550862276x.shtml
【整租】东坝 北京城建福润四季 2室1厅,北京城建福润四季,3600,http://bj.58.com/pinpaigongyu/29650429809850x.shtml
【合租】双桥 金隅康惠园 3室主卧,金隅康惠园,2300,http://bj.58.com/pinpaigongyu/29746533841581x.shtml
【合租】芍药居 芍药居北里小区 4室主卧,芍药居北里小区,2600,http://bj.58.com/pinpaigongyu/29318395148329x.shtml
【整租】乐乎公寓 立水桥 立水桥门店,立水桥,3100-3500,http://bj.58.com/pinpaigongyu/29670872452537x.shtml
【合租】望京 望京花园东区 3室主卧,望京花园东区,2480,http://bj.58.com/pinpaigongyu/29957515895632x.shtml
【整租】乐乎公寓 通州北苑 通州北苑店,通州北苑,2300-2600,http://bj.58.com/pinpaigongyu/29472959912765x.shtml
【合租】陶然亭 四平园小区 2室次卧,四平园小区,3280,http://bj.58.com/pinpaigongyu/29770688825781x.shtml
【整租】定福庄 乐乎城市青年社区 1室1厅,【整租】定福庄,2499,http://bj.58.com/pinpaigongyu/29996862623932x.shtml
【整租】远江公寓 运河大街 运河大街店,运河大街,2999-3379,http://bj.58.com/pinpaigongyu/29936381652302x.shtml
【合租】定福庄 珠江绿洲家园 4室次卧,珠江绿洲家园,3100,http://bj.58.com/pinpaigongyu/29749845088711x.shtml
【整租】乐乎公寓 十里河 十里河店,十里河,3000-3500,http://bj.58.com/pinpaigongyu/29991436892351x.shtml
【整租】双桥 条玛公寓 1室1厅,【整租】双桥,3300,http://bj.58.com/pinpaigongyu/28634176212666x.shtml
【整租】亦庄 万源街乐乎城市青 1室1厅,万源街乐乎城市青,2730,http://bj.58.com/pinpaigongyu/29658788658872x.shtml
【合租】西二旗 智学苑 5室主卧,智学苑,2300,http://bj.58.com/pinpaigongyu/29824427912010x.shtml
【整租】青遇home 双桥 青遇新动漫,双桥,2300,http://bj.58.com/pinpaigongyu/29926256358472x.shtml
【合租】龙泽 融泽嘉园6号院 2室主卧,融泽嘉园6号院,2080,http://bj.58.com/pinpaigongyu/29668691183275x.shtml
【合租】肖家河 肖家河回迁住宅( 3室主卧,肖家河回迁住宅(,2590,http://bj.58.com/pinpaigongyu/29602869944124x.shtml
【合租】潘家园 松榆西里 3室次卧,松榆西里,2170,http://bj.58.com/pinpaigongyu/29695064270664x.shtml
【整租】青遇home 高碑店 青遇店,高碑店,2700,http://bj.58.com/pinpaigongyu/29761578923960x.shtml
【合租】龙泽 融泽嘉园6号院 3室主卧,融泽嘉园6号院,2180,http://bj.58.com/pinpaigongyu/29728005308621x.shtml
【合租】龙泽 融泽嘉园6号院 2室主卧,融泽嘉园6号院,2380,http://bj.58.com/pinpaigongyu/29757392081716x.shtml
【合租】西二旗 智学苑 3室次卧,智学苑,2090,http://bj.58.com/pinpaigongyu/29614439082176x.shtml
【合租】西二旗 领秀新硅谷C区 3室次卧,领秀新硅谷C区,2600,http://bj.58.com/pinpaigongyu/29817352014152x.shtml
【整租】乐乎公寓 立水桥 立水桥门店,立水桥,3100-3500,http://bj.58.com/pinpaigongyu/29670872452537x.shtml
【合租】常营 连心园 3室主卧,连心园,2780,http://bj.58.com/pinpaigongyu/30003116706614x.shtml
【整租】乐乎公寓 通州北苑 通州北苑店,通州北苑,2300-2600,http://bj.58.com/pinpaigongyu/29472959912765x.shtml
【合租】回龙观 龙跃苑东四区 3室主卧,龙跃苑东四区,2680,http://bj.58.com/pinpaigongyu/29912582179501x.shtml
【合租】北关 物资学院路3号院 3室主卧,物资学院路3号院,2060,http://bj.58.com/pinpaigongyu/29669384356687x.shtml
【整租】远江公寓 运河大街 运河大街店,运河大街,2999-3379,http://bj.58.com/pinpaigongyu/29936381652302x.shtml
【合租】龙泽 新龙城 3室次卧,新龙城,2000,http://bj.58.com/pinpaigongyu/29657831007173x.shtml
【整租】乐乎公寓 十里河 十里河店,十里河,3000-3500,http://bj.58.com/pinpaigongyu/29991436892351x.shtml
【整租】定福庄 乐乎城市青年社区 1室1厅,【整租】定福庄,2499,http://bj.58.com/pinpaigongyu/29949658665538x.shtml
【整租】十里河 乐乎城市青年社区 1室1厅,【整租】十里河,3100,http://bj.58.com/pinpaigongyu/29974707714376x.shtml
【整租】国贸 盛世嘉园 1室0厅,盛世嘉园,2000,http://bj.58.com/pinpaigongyu/29782867956409x.shtml
【整租】青遇home 双桥 青遇新动漫,双桥,2300,http://bj.58.com/pinpaigongyu/29926256358472x.shtml
【整租】西北旺 大牛坊一期 1室1厅,大牛坊一期,3600,http://bj.58.com/pinpaigongyu/29968473327675x.shtml
【合租】马连洼 农大家属楼 3室主卧,农大家属楼,2690,http://bj.58.com/pinpaigongyu/29969176720447x.shtml
【合租】九棵树 K2玉兰湾 4室主卧,K2玉兰湾,2200,http://bj.58.com/pinpaigongyu/29905187553593x.shtml
【整租】青遇home 高碑店 青遇店,高碑店,2700,http://bj.58.com/pinpaigongyu/29761578923960x.shtml
【合租】北苑 紫绶园 3室次卧,紫绶园,2300,http://bj.58.com/pinpaigongyu/29851334886214x.shtml
【合租】上地 农科社区南区 3室次卧,农科社区南区,2400,http://bj.58.com/pinpaigongyu/29961787214027x.shtml
【整租】立水桥 立水桥 ZOME 1室1厅,立水桥,2880,http://bj.58.com/pinpaigongyu/29950930962603x.shtml
【合租】西北旺 大牛坊一期 4室主卧,大牛坊一期,2490,http://bj.58.com/pinpaigongyu/29525767253302x.shtml
【整租】乐乎公寓 立水桥 立水桥门店,立水桥,3100-3500,http://bj.58.com/pinpaigongyu/29670872452537x.shtml
【合租】定福庄 泰福苑 3室次卧,泰福苑,2300,http://bj.58.com/pinpaigongyu/30003812646185x.shtml
【整租】乐乎公寓 通州北苑 通州北苑店,通州北苑,2300-2600,http://bj.58.com/pinpaigongyu/29472959912765x.shtml
【合租】来广营 康营家园6期 3室主卧,康营家园6期,2300,http://bj.58.com/pinpaigongyu/29911516221773x.shtml
【合租】回龙观 新龙城 3室主卧,新龙城,2499,http://bj.58.com/pinpaigongyu/29647047593917x.shtml
【整租】远江公寓 运河大街 运河大街店,运河大街,2999-3379,http://bj.58.com/pinpaigongyu/29936381652302x.shtml
【合租】西二旗 融泽嘉园2号院 3室次卧,融泽嘉园2号院,2390,http://bj.58.com/pinpaigongyu/29791568791877x.shtml
【整租】乐乎公寓 十里河 十里河店,十里河,3000-3500,http://bj.58.com/pinpaigongyu/29991436892351x.shtml
【整租】定福庄 乐乎城市青年社区 1室1厅,【整租】定福庄,2518,http://bj.58.com/pinpaigongyu/29996885398978x.shtml
【合租】西三旗 空军大院 3室次卧,空军大院,2660,http://bj.58.com/pinpaigongyu/29296167297737x.shtml
【整租】东坝 金隅汇景苑 2室1厅,金隅汇景苑,4000,http://bj.58.com/pinpaigongyu/29095694649268x.shtml
【整租】青遇home 双桥 青遇新动漫,双桥,2300,http://bj.58.com/pinpaigongyu/29926256358472x.shtml
【合租】西二旗 领秀新硅谷C区 4室次卧,领秀新硅谷C区,2300,http://bj.58.com/pinpaigongyu/29795256921017x.shtml
【合租】北苑 茉藜园 3室主卧,茉藜园,2300,http://bj.58.com/pinpaigongyu/29673479303745x.shtml
【合租】西二旗 智学苑 3室主卧,智学苑,2180,http://bj.58.com/pinpaigongyu/29619515961168x.shtml
【整租】青遇home 高碑店 青遇店,高碑店,2700,http://bj.58.com/pinpaigongyu/29761578923960x.shtml
【合租】九棵树 K2玉兰湾 5室主卧,K2玉兰湾,2100,http://bj.58.com/pinpaigongyu/29834430823097x.shtml
【整租】西北旺 大牛坊一期 1室1厅,大牛坊一期,3600,http://bj.58.com/pinpaigongyu/29839093309878x.shtml
【合租】肖家河 肖家河回迁住宅( 3室主卧,肖家河回迁住宅(,2490,http://bj.58.com/pinpaigongyu/29847572223415x.shtml
【合租】四惠 观音惠园 3室主卧,观音惠园,2500,http://bj.58.com/pinpaigongyu/29923305049272x.shtml
【整租】乐乎公寓 立水桥 立水桥门店,立水桥,3100-3500,http://bj.58.com/pinpaigongyu/29670872452537x.shtml
【合租】劲松 劲松三区 4室主卧,劲松三区,2290,http://bj.58.com/pinpaigongyu/29130446853198x.shtml
【整租】乐乎公寓 通州北苑 通州北苑店,通州北苑,2300-2600,http://bj.58.com/pinpaigongyu/29472959912765x.shtml
【整租】四惠 乐乎城市青年社区 1室1厅,【整租】四惠,2519,http://bj.58.com/pinpaigongyu/29949680489409x.shtml
【整租】乐乎公寓 西红门 星光影视园店,西红门,2390-3690,http://bj.58.com/pinpaigongyu/29793630843839x.shtml
【整租】远江公寓 运河大街 运河大街店,运河大街,2999-3379,http://bj.58.com/pinpaigongyu/29936381652302x.shtml
【合租】龙泽 龙博苑一区 3室主卧,龙博苑一区,2299,http://bj.58.com/pinpaigongyu/29449632348845x.shtml
【整租】乐乎公寓 十里河 十里河店,十里河,3000-3500,http://bj.58.com/pinpaigongyu/29991436892351x.shtml
【合租】梨园 华业东方玫瑰 3室主卧,华业东方玫瑰,2350,http://bj.58.com/pinpaigongyu/29981628667079x.shtml
【整租】通州北苑 通州北苑乐乎城市 1室1厅,通州北苑乐乎城市,2300,http://bj.58.com/pinpaigongyu/30003320798761x.shtml
【合租】九棵树 K2玉兰湾 5室主卧,K2玉兰湾,2600,http://bj.58.com/pinpaigongyu/29914763137346x.shtml
【整租】青遇home 双桥 青遇新动漫,双桥,2300,http://bj.58.com/pinpaigongyu/29926256358472x.shtml
【合租】龙泽 融泽嘉园2号院 2室主卧,融泽嘉园2号院,2380,http://bj.58.com/pinpaigongyu/29950168445107x.shtml
【整租】东坝 保利首开天誉(公 2室1厅,保利首开天誉(公,3900,http://bj.58.com/pinpaigongyu/29647216199860x.shtml
【合租】西二旗 融泽嘉园8号院 3室主卧,融泽嘉园8号院,2380,http://bj.58.com/pinpaigongyu/29902371440458x.shtml
【整租】青遇home 高碑店 青遇店,高碑店,2700,http://bj.58.com/pinpaigongyu/29761578923960x.shtml
【合租】四惠 观音惠园 3室主卧,观音惠园,2600,http://bj.58.com/pinpaigongyu/29746577316266x.shtml
【整租】来广营 马泉营一区 2室1厅,马泉营一区,2400,http://bj.58.com/pinpaigongyu/29885380704811x.shtml
【合租】马连洼 肖家河新村(圆明 3室主卧,肖家河新村(圆明,2600,http://bj.58.com/pinpaigongyu/29845836455853x.shtml
【合租】北苑 城锦苑 4室次卧,城锦苑,2200,http://bj.58.com/pinpaigongyu/29693959282623x.shtml
【整租】乐乎公寓 立水桥 立水桥门店,立水桥,3100-3500,http://bj.58.com/pinpaigongyu/29670872452537x.shtml
【合租】望京 望京西园一区 3室主卧,望京西园一区,3700,http://bj.58.com/pinpaigongyu/30003036259781x.shtml
【整租】乐乎公寓 通州北苑 通州北苑店,通州北苑,2300-2600,http://bj.58.com/pinpaigongyu/29472959912765x.shtml
【整租】乐乎公寓 十里河 十里河店,十里河,3150-3500,http://bj.58.com/pinpaigongyu/29991428316223x.shtml
【合租】龙泽 新龙城 3室主卧,新龙城,2200,http://bj.58.com/pinpaigongyu/29747256309550x.shtml
【整租】远江公寓 运河大街 运河大街店,运河大街,2999-3379,http://bj.58.com/pinpaigongyu/29936381652302x.shtml
【合租】劲松 农光南里 3室次卧,农光南里,2190,http://bj.58.com/pinpaigongyu/29449770416206x.shtml
【整租】乐乎公寓 十里河 十里河店,十里河,3000-3500,http://bj.58.com/pinpaigongyu/29991436892351x.shtml
【合租】龙泽 新龙城 3室主卧,新龙城,2600,http://bj.58.com/pinpaigongyu/30000922864972x.shtml
【合租】管庄 京通苑阳光华苑 4室主卧,京通苑阳光华苑,2330,http://bj.58.com/pinpaigongyu/30002453554880x.shtml
【合租】西二旗 融泽嘉园8号院 2室主卧,融泽嘉园8号院,2080,http://bj.58.com/pinpaigongyu/29614895790401x.shtml
【整租】青遇home 双桥 青遇新动漫,双桥,2300,http://bj.58.com/pinpaigongyu/29926256358472x.shtml
【合租】龙泽 融泽嘉园一号院 3室主卧,融泽嘉园一号院,2380,http://bj.58.com/pinpaigongyu/29480659189180x.shtml
【合租】肖家河 肖家河回迁住宅( 3室主卧,肖家河回迁住宅(,2190,http://bj.58.com/pinpaigongyu/29008540955597x.shtml
【合租】西二旗 智学苑 3室主卧,智学苑,3190,http://bj.58.com/pinpaigongyu/29968799162436x.shtml
【整租】青遇home 高碑店 青遇店,高碑店,2700,http://bj.58.com/pinpaigongyu/29761578923960x.shtml
【合租】马连洼 百旺杏林湾 4室主卧,百旺杏林湾,2090,http://bj.58.com/pinpaigongyu/29658147658562x.shtml
【合租】亚运村 慧忠北里 4室主卧,慧忠北里,2400,http://bj.58.com/pinpaigongyu/29782458544718x.shtml
【合租】九棵树 K2玉兰湾 3室主卧,K2玉兰湾,2900,http://bj.58.com/pinpaigongyu/29393792420940x.shtml
【整租】东坝 北京城建福润四季 2室1厅,北京城建福润四季,3700,http://bj.58.com/pinpaigongyu/28740302713151x.shtml
【整租】乐乎公寓 立水桥 立水桥门店,立水桥,3100-3500,http://bj.58.com/pinpaigongyu/29670872452537x.shtml
【整租】劲松 劲松六区 1室1厅,劲松六区,3800,http://bj.58.com/pinpaigongyu/28649232691916x.shtml
【整租】乐乎公寓 通州北苑 通州北苑店,通州北苑,2300-2600,http://bj.58.com/pinpaigongyu/29472959912765x.shtml
【整租】十里堡 乐乎城市青年公寓 1室1厅,【整租】十里堡,2499,http://bj.58.com/pinpaigongyu/29949962036815x.shtml
【合租】立水桥 顶秀青溪 3室主卧,顶秀青溪,3800,http://bj.58.com/pinpaigongyu/29914257836856x.shtml
【整租】远江公寓 运河大街 运河大街店,运河大街,2999-3379,http://bj.58.com/pinpaigongyu/29936381652302x.shtml
【合租】龙泽 龙华园小区 4室次卧,龙华园小区,2450,http://bj.58.com/pinpaigongyu/30004072439081x.shtml
【整租】乐乎公寓 十里河 十里河店,十里河,3000-3500,http://bj.58.com/pinpaigongyu/29991436892351x.shtml
【整租】十里河 十里河乐乎城市青 1室0厅,十里河乐乎城市青,3300,http://bj.58.com/pinpaigongyu/29935198605007x.shtml
【整租】定福庄 函数公寓 1室1厅,【整租】定福庄,3000,http://bj.58.com/pinpaigongyu/29815145808848x.shtml
【合租】龙泽 融泽嘉园6号院 3室主卧,融泽嘉园6号院,2080,http://bj.58.com/pinpaigongyu/29724120782147x.shtml
【整租】青遇home 双桥 青遇新动漫,双桥,2300,http://bj.58.com/pinpaigongyu/29926256358472x.shtml
【合租】香山 和泓四季 3室次卧,和泓四季,2200,http://bj.58.com/pinpaigongyu/29637139586094x.shtml
【合租】西二旗 融泽嘉园8号院 3室主卧,融泽嘉园8号院,2000,http://bj.58.com/pinpaigongyu/29583939072322x.shtml
【合租】西二旗 融泽嘉园8号院 3室次卧,融泽嘉园8号院,2080,http://bj.58.com/pinpaigongyu/29483409865649x.shtml
【整租】青遇home 高碑店 青遇店,高碑店,2700,http://bj.58.com/pinpaigongyu/29761578923960x.shtml
【合租】四惠 观音惠园 3室主卧,观音惠园,2500,http://bj.58.com/pinpaigongyu/29781937333698x.shtml
【合租】龙泽 融泽嘉园6号院 2室主卧,融泽嘉园6号院,2380,http://bj.58.com/pinpaigongyu/29658984657065x.shtml
【合租】西二旗 融泽嘉园8号院 1室主卧,融泽嘉园8号院,2380,http://bj.58.com/pinpaigongyu/29681255741105x.shtml
【整租】西北旺 大牛坊二期 1室1厅,大牛坊二期,3500,http://bj.58.com/pinpaigongyu/30003830388028x.shtml
【整租】乐乎公寓 立水桥 立水桥门店,立水桥,3100-3500,http://bj.58.com/pinpaigongyu/29670872452537x.shtml
【合租】立水桥 立城苑小区 3室主卧,立城苑小区,3300,http://bj.58.com/pinpaigongyu/29992611728182x.shtml
【整租】乐乎公寓 通州北苑 通州北苑店,通州北苑,2300-2600,http://bj.58.com/pinpaigongyu/29472959912765x.shtml
【合租】后沙峪 莲竹花园 3室主卧,莲竹花园,2080,http://bj.58.com/pinpaigongyu/29835554782659x.shtml
【合租】石佛营 石佛营东里 3室主卧,石佛营东里,3390,http://bj.58.com/pinpaigongyu/29960239214919x.shtml
【整租】远江公寓 运河大街 运河大街店,运河大街,2999-3379,http://bj.58.com/pinpaigongyu/29936381652302x.shtml
【整租】西二旗 乐乎城市青年社区 1室1厅,【整租】西二旗,2990,http://bj.58.com/pinpaigongyu/29996931450441x.shtml
【整租】乐乎公寓 十里河 十里河店,十里河,3000-3500,http://bj.58.com/pinpaigongyu/29991436892351x.shtml
【合租】望京 南湖中园 3室次卧,南湖中园,2880,http://bj.58.com/pinpaigongyu/29960325679950x.shtml
【合租】望京 南湖中园 3室次卧,南湖中园,2790,http://bj.58.com/pinpaigongyu/29772771059017x.shtml
【合租】国贸 金隅康惠园 3室主卧,金隅康惠园,2200,http://bj.58.com/pinpaigongyu/29550578627255x.shtml
【整租】青遇home 双桥 青遇新动漫,双桥,2300,http://bj.58.com/pinpaigongyu/29926256358472x.shtml
【合租】肖家河 肖家河回迁住宅( 3室次卧,肖家河回迁住宅(,2190,http://bj.58.com/pinpaigongyu/29935989378375x.shtml
【合租】芍药居 芍药居北里小区 4室主卧,芍药居北里小区,2750,http://bj.58.com/pinpaigongyu/29604259160113x.shtml
【合租】龙泽 融泽嘉园一号院 2室主卧,融泽嘉园一号院,2380,http://bj.58.com/pinpaigongyu/29547437319211x.shtml
【整租】青遇home 高碑店 青遇店,高碑店,2700,http://bj.58.com/pinpaigongyu/29761578923960x.shtml
【合租】肖家河 肖家河回迁住宅( 3室次卧,肖家河回迁住宅(,2190,http://bj.58.com/pinpaigongyu/29447957693873x.shtml
【合租】亚运村 大屯里小区 3室主卧,大屯里小区,3199,http://bj.58.com/pinpaigongyu/29816261275581x.shtml
【整租】望京 北京香颂 2室1厅,北京香颂,2500,http://bj.58.com/pinpaigongyu/29760889971529x.shtml
【合租】芍药居 芍药居北里小区 3室主卧,芍药居北里小区,2200,http://bj.58.com/pinpaigongyu/29983078615119x.shtml
【整租】乐乎公寓 立水桥 立水桥门店,立水桥,3100-3500,http://bj.58.com/pinpaigongyu/29670872452537x.shtml
【合租】望京 南湖中园 3室次卧,南湖中园,2880,http://bj.58.com/pinpaigongyu/29960325679950x.shtml
【整租】乐乎公寓 通州北苑 通州北苑店,通州北苑,2300-2600,http://bj.58.com/pinpaigongyu/29472959912765x.shtml
【合租】安贞 和平里十三区 3室次卧,和平里十三区,3080,http://bj.58.com/pinpaigongyu/29639265778757x.shtml
【合租】高碑店 兴隆家园南区 3室主卧,兴隆家园南区,2290,http://bj.58.com/pinpaigongyu/29649769477805x.shtml
【整租】远江公寓 运河大街 运河大街店,运河大街,2999-3379,http://bj.58.com/pinpaigongyu/29936381652302x.shtml
【整租】望京 香江北岸 1室1厅,香江北岸,3400,http://bj.58.com/pinpaigongyu/29969428421164x.shtml
【整租】乐乎公寓 十里河 十里河店,十里河,3000-3500,http://bj.58.com/pinpaigongyu/29991436892351x.shtml
【合租】四惠 远洋天地二期 4室次卧,远洋天地二期,3380,http://bj.58.com/pinpaigongyu/30003317824583x.shtml
【整租】通州北苑 乐乎城市青年社区 1室0厅,【整租】通州北苑,2400,http://bj.58.com/pinpaigongyu/29383950664395x.shtml
【合租】芍药居 芍药居北里小区 4室主卧,芍药居北里小区,2750,http://bj.58.com/pinpaigongyu/29604259160113x.shtml
【整租】青遇home 双桥 青遇新动漫,双桥,2300,http://bj.58.com/pinpaigongyu/29926256358472x.shtml
【整租】机场 南平里 2室1厅,南平里,2400,http://bj.58.com/pinpaigongyu/29761038414645x.shtml
【合租】肖家河 肖家河回迁住宅( 3室次卧,肖家河回迁住宅(,2190,http://bj.58.com/pinpaigongyu/29447957693873x.shtml
【合租】亚运村 大屯里小区 3室主卧,大屯里小区,3199,http://bj.58.com/pinpaigongyu/29816261275581x.shtml
【整租】青遇home 高碑店 青遇店,高碑店,2700,http://bj.58.com/pinpaigongyu/29761578923960x.shtml
【合租】芍药居 芍药居北里小区 3室主卧,芍药居北里小区,2200,http://bj.58.com/pinpaigongyu/29983078615119x.shtml
【合租】亚运村 北卫家园 3室次卧,北卫家园,2000,http://bj.58.com/pinpaigongyu/30001502266047x.shtml
【合租】肖家河 肖家河回迁住宅( 3室次卧,肖家河回迁住宅(,2190,http://bj.58.com/pinpaigongyu/29969174697260x.shtml
【合租】四季青 和泓四季 3室主卧,和泓四季,2200,http://bj.58.com/pinpaigongyu/29735009838394x.shtml
【整租】乐乎公寓 立水桥 立水桥门店,立水桥,3100-3500,http://bj.58.com/pinpaigongyu/29670872452537x.shtml
【整租】回龙观 龙禧苑五区 1室1厅,龙禧苑五区,3800,http://bj.58.com/pinpaigongyu/29735094384937x.shtml
【整租】乐乎公寓 通州北苑 通州北苑店,通州北苑,2300-2600,http://bj.58.com/pinpaigongyu/29472959912765x.shtml
【整租】国贸 乐乎城市青年公寓 1室1厅,【整租】国贸,2399,http://bj.58.com/pinpaigongyu/29872240913867x.shtml
【合租】天通苑 天通苑六区 4室次卧,天通苑六区,2080,http://bj.58.com/pinpaigongyu/30001904346667x.shtml
【整租】远江公寓 运河大街 运河大街店,运河大街,2999-3379,http://bj.58.com/pinpaigongyu/29936381652302x.shtml
【整租】西三旗 北辰机械厂职工宿 1室0厅,北辰机械厂职工宿,2500,http://bj.58.com/pinpaigongyu/29993733110187x.shtml
【整租】乐乎公寓 十里河 十里河店,十里河,3000-3500,http://bj.58.com/pinpaigongyu/29991436892351x.shtml
【合租】后沙峪 吉祥花园 3室主卧,吉祥花园,2060,http://bj.58.com/pinpaigongyu/29827196557098x.shtml
【整租】通州北苑 通州北苑乐乎城市 1室0厅,通州北苑乐乎城市,2200,http://bj.58.com/pinpaigongyu/29990010013749x.shtml
【合租】北苑 紫绶园 3室主卧,紫绶园,2600,http://bj.58.com/pinpaigongyu/29084437978542x.shtml
【整租】青遇home 双桥 青遇新动漫,双桥,2300,http://bj.58.com/pinpaigongyu/29926256358472x.shtml
【合租】西北旺 六里屯二区 3室主卧,六里屯二区,2190,http://bj.58.com/pinpaigongyu/29591496614862x.shtml
【整租】梨园 云景里 2室1厅,云景里,2800,http://bj.58.com/pinpaigongyu/29926532026926x.shtml
【合租】天通苑 蕴实园 3室主卧,蕴实园,2190,http://bj.58.com/pinpaigongyu/29639398536138x.shtml
【整租】青遇home 高碑店 青遇店,高碑店,2700,http://bj.58.com/pinpaigongyu/29761578923960x.shtml
【合租】马连洼 肖家河新村(圆明 3室主卧,肖家河新村(圆明,2400,http://bj.58.com/pinpaigongyu/29547087723956x.shtml
【合租】九棵树 K2玉兰湾 5室主卧,K2玉兰湾,2100,http://bj.58.com/pinpaigongyu/29915108651577x.shtml
【整租】三里屯 南三里屯小区 1室1厅,南三里屯小区,2299,http://bj.58.com/pinpaigongyu/29939271970247x.shtml
【合租】和平里 东土城1号院 4室次卧,东土城1号院,2500,http://bj.58.com/pinpaigongyu/29404845933635x.shtml
【整租】乐乎公寓 立水桥 立水桥门店,立水桥,3100-3500,http://bj.58.com/pinpaigongyu/29670872452537x.shtml
【整租】通州北苑 通州北苑乐乎城市 1室0厅,通州北苑乐乎城市,2200,http://bj.58.com/pinpaigongyu/29990010013749x.shtml
【整租】乐乎公寓 通州北苑 通州北苑店,通州北苑,2300-2600,http://bj.58.com/pinpaigongyu/29472959912765x.shtml
【整租】立水桥 乐乎城市青年社区 1室1厅,【整租】立水桥,3100,http://bj.58.com/pinpaigongyu/29916635745593x.shtml
【合租】管庄 管庄东里 4室主卧,管庄东里,2130,http://bj.58.com/pinpaigongyu/29992749968571x.shtml
【整租】远江公寓 运河大街 运河大街店,运河大街,2999-3379,http://bj.58.com/pinpaigongyu/29936381652302x.shtml
【整租】定福庄 乐乎城市青年社区 1室1厅,【整租】定福庄,2519,http://bj.58.com/pinpaigongyu/29996856364343x.shtml
【整租】乐乎公寓 十里河 十里河店,十里河,3000-3500,http://bj.58.com/pinpaigongyu/29991436892351x.shtml
【合租】赵公口 彩虹城四区 3室次卧,彩虹城四区,2290,http://bj.58.com/pinpaigongyu/30003234437804x.shtml
【整租】来广营 香江北岸 1室0厅,香江北岸,3300,http://bj.58.com/pinpaigongyu/29969828114362x.shtml
【整租】亦庄 寓·小筑 物业直 1室0厅,寓·小筑,2380,http://bj.58.com/pinpaigongyu/29757416413122x.shtml
【整租】青遇home 双桥 青遇新动漫,双桥,2300,http://bj.58.com/pinpaigongyu/29926256358472x.shtml
【合租】高碑店 北花园 3室主卧,北花园,2400,http://bj.58.com/pinpaigongyu/29923288033086x.shtml
【合租】亚运村 安慧北里秀园 3室主卧,安慧北里秀园,2300,http://bj.58.com/pinpaigongyu/29658664494527x.shtml
【合租】北苑 望春园 3室主卧,望春园,2400,http://bj.58.com/pinpaigongyu/29848354316751x.shtml
【整租】青遇home 高碑店 青遇店,高碑店,2700,http://bj.58.com/pinpaigongyu/29761578923960x.shtml
【合租】四季青 和泓四季 3室主卧,和泓四季,2600,http://bj.58.com/pinpaigongyu/29813113932345x.shtml
【合租】西二旗 融泽嘉园8号院 3室主卧,融泽嘉园8号院,2080,http://bj.58.com/pinpaigongyu/29845695379659x.shtml
【合租】肖家河 肖家河回迁住宅( 3室主卧,肖家河回迁住宅(,2490,http://bj.58.com/pinpaigongyu/29990316185293x.shtml
【整租】东坝 金隅汇景苑 3室1厅,金隅汇景苑,3900,http://bj.58.com/pinpaigongyu/29651385646027x.shtml
【整租】乐乎公寓 立水桥 立水桥门店,立水桥,3100-3500,http://bj.58.com/pinpaigongyu/29670872452537x.shtml
【合租】后沙峪 吉祥花园 3室主卧,吉祥花园,2280,http://bj.58.com/pinpaigongyu/29835532595901x.shtml
【整租】乐乎公寓 通州北苑 通州北苑店,通州北苑,2300-2600,http://bj.58.com/pinpaigongyu/29472959912765x.shtml
【合租】望京 方舟苑 3室主卧,方舟苑,2500,http://bj.58.com/pinpaigongyu/29992489086406x.shtml
【整租】角门 公益西桥乐乎城市 1室1厅,公益西桥乐乎城市,3500,http://bj.58.com/pinpaigongyu/29794049801677x.shtml
【整租】远江公寓 运河大街 运河大街店,运河大街,2999-3379,http://bj.58.com/pinpaigongyu/29936381652302x.shtml
【合租】姚家园 姚家园东里8号院 3室次卧,姚家园东里8号院,2400,http://bj.58.com/pinpaigongyu/30001532391614x.shtml
【整租】乐乎公寓 十里河 十里河店,十里河,3000-3500,http://bj.58.com/pinpaigongyu/29991436892351x.shtml
【合租】西三旗 建材城西二里 3室次卧,建材城西二里,2400,http://bj.58.com/pinpaigongyu/29992782583239x.shtml
【合租】望京 利泽西园 3室主卧,利泽西园,2490,http://bj.58.com/pinpaigongyu/29957522484802x.shtml
【合租】北苑 林奥嘉园 2室主卧,林奥嘉园,2300,http://bj.58.com/pinpaigongyu/29982011083725x.shtml
【整租】青遇home 双桥 青遇新动漫,双桥,2300,http://bj.58.com/pinpaigongyu/29926256358472x.shtml
【合租】朝青板块 华纺易城 4室主卧,华纺易城,3880,http://bj.58.com/pinpaigongyu/30001653994924x.shtml
【合租】龙泽 融泽嘉园一号院 3室次卧,融泽嘉园一号院,2080,http://bj.58.com/pinpaigongyu/29531411619508x.shtml
【合租】龙泽 融泽嘉园一号院 3室主卧,融泽嘉园一号院,2180,http://bj.58.com/pinpaigongyu/29635380594100x.shtml
【整租】青遇home 高碑店 青遇店,高碑店,2700,http://bj.58.com/pinpaigongyu/29761578923960x.shtml
【整租】东坝 金隅悦和园 2室1厅,金隅悦和园,3900,http://bj.58.com/pinpaigongyu/29650697886153x.shtml
【整租】酒仙桥 酒仙桥一街坊 1室1厅,酒仙桥一街坊,2600,http://bj.58.com/pinpaigongyu/29962538871735x.shtml
【整租】大望路 华贸公寓 1室0厅,【整租】大望路,2000,http://bj.58.com/pinpaigongyu/29885181333957x.shtml
【合租】望京 慧谷时空 3室次卧,慧谷时空,2180,http://bj.58.com/pinpaigongyu/29694150647102x.shtml
【整租】乐乎公寓 立水桥 立水桥门店,立水桥,3100-3500,http://bj.58.com/pinpaigongyu/29670872452537x.shtml
【合租】龙泽 融泽嘉园6号院 3室次卧,融泽嘉园6号院,2560,http://bj.58.com/pinpaigongyu/29826406284997x.shtml
【整租】乐乎公寓 通州北苑 通州北苑店,通州北苑,2300-2600,http://bj.58.com/pinpaigongyu/29472959912765x.shtml
【合租】天通苑 天通苑北二区 3室主卧,天通苑北二区,3190,http://bj.58.com/pinpaigongyu/30001951401667x.shtml
【合租】回龙观 龙腾苑五区 3室次卧,龙腾苑五区,2190,http://bj.58.com/pinpaigongyu/29957581039561x.shtml
【整租】远江公寓 运河大街 运河大街店,运河大街,2999-3379,http://bj.58.com/pinpaigongyu/29936381652302x.shtml
【整租】国贸 尚帝佳公寓 LO 1室0厅,【整租】国贸,3300,http://bj.58.com/pinpaigongyu/29803436338985x.shtml
【整租】乐乎公寓 十里河 十里河店,十里河,3000-3500,http://bj.58.com/pinpaigongyu/29991436892351x.shtml
【整租】沙河 巩华家园 1室0厅,巩华家园,2200,http://bj.58.com/pinpaigongyu/29914417382986x.shtml
【合租】回龙观 融泽嘉园二号院 3室次卧,融泽嘉园二号院,2590,http://bj.58.com/pinpaigongyu/29957606183617x.shtml
【合租】双桥 远洋一方润园6号 4室主卧,远洋一方润园6号,2180,http://bj.58.com/pinpaigongyu/29957717151044x.shtml
【整租】青遇home 双桥 青遇新动漫,双桥,2300,http://bj.58.com/pinpaigongyu/29926256358472x.shtml
【合租】西苑 大有北里 3室主卧,大有北里,2400,http://bj.58.com/pinpaigongyu/30002862775611x.shtml
【合租】回龙观 回龙观新村中区 3室主卧,回龙观新村中区,2150,http://bj.58.com/pinpaigongyu/29682642622510x.shtml
【合租】西二旗 融泽嘉园8号院 2室主卧,融泽嘉园8号院,2380,http://bj.58.com/pinpaigongyu/29967307589438x.shtml
【整租】青遇home 高碑店 青遇店,高碑店,2700,http://bj.58.com/pinpaigongyu/29761578923960x.shtml
【合租】亚运村 欧陆经典 2室主卧,欧陆经典,2700,http://bj.58.com/pinpaigongyu/29636182003637x.shtml
【合租】亚运村 阳明国际公寓 3室主卧,【合租】亚运村,2500,http://bj.58.com/pinpaigongyu/29695576800825x.shtml
【整租】东坝 金隅汇景苑 3室1厅,金隅汇景苑,4000,http://bj.58.com/pinpaigongyu/29651189733677x.shtml
【合租】九棵树 K2玉兰湾 5室次卧,K2玉兰湾,2400,http://bj.58.com/pinpaigongyu/29848437634486x.shtml
【整租】乐乎公寓 立水桥 立水桥门店,立水桥,3100-3500,http://bj.58.com/pinpaigongyu/29670872452537x.shtml
【合租】大红门 时村小区 3室次卧,时村小区,2230,http://bj.58.com/pinpaigongyu/29260717668417x.shtml
【整租】乐乎公寓 通州北苑 通州北苑店,通州北苑,2300-2600,http://bj.58.com/pinpaigongyu/29472959912765x.shtml
【合租】望京 望京花园东区 3室主卧,望京花园东区,2460,http://bj.58.com/pinpaigongyu/29957520219467x.shtml
【整租】北苑 乐乎公寓 1室1厅,【整租】北苑,3100,http://bj.58.com/pinpaigongyu/29948401119048x.shtml
【整租】远江公寓 运河大街 运河大街店,运河大街,2999-3379,http://bj.58.com/pinpaigongyu/29936381652302x.shtml
【合租】回龙观 首开智慧社 3室主卧,首开智慧社,2160,http://bj.58.com/pinpaigongyu/29793973211049x.shtml
【整租】乐乎公寓 十里河 十里河店,十里河,3000-3500,http://bj.58.com/pinpaigongyu/29991436892351x.shtml
【合租】朝阳公园 枣营南里 3室次卧,枣营南里,2190,http://bj.58.com/pinpaigongyu/29992637910069x.shtml
【整租】旧宫 中南湾 1室0厅,中南湾,2750,http://bj.58.com/pinpaigongyu/29737370368707x.shtml
【整租】东坝 北京城建福润四季 2室1厅,北京城建福润四季,3500,http://bj.58.com/pinpaigongyu/29845551571144x.shtml
【整租】青遇home 双桥 青遇新动漫,双桥,2300,http://bj.58.com/pinpaigongyu/29926256358472x.shtml
【合租】北苑 绣菊园 3室主卧,绣菊园,2800,http://bj.58.com/pinpaigongyu/29084395126592x.shtml
【合租】亚运村小营 龙都国际公寓 2室主卧,【合租】亚运村小营,2900,http://bj.58.com/pinpaigongyu/29636122083401x.shtml
【整租】西北旺 大牛坊二期 1室1厅,大牛坊二期,3700,http://bj.58.com/pinpaigongyu/29606159401533x.shtml
【整租】青遇home 高碑店 青遇店,高碑店,2700,http://bj.58.com/pinpaigongyu/29761578923960x.shtml
【合租】西二旗 融泽嘉园8号院 3室主卧,融泽嘉园8号院,2380,http://bj.58.com/pinpaigongyu/29892050476740x.shtml
【合租】亚运村 慧忠北里 4室主卧,慧忠北里,2800,http://bj.58.com/pinpaigongyu/29603668690763x.shtml
【合租】亚运村小营 阳明广场 3室主卧,阳明广场,3400,http://bj.58.com/pinpaigongyu/29659006290765x.shtml
【合租】龙泽 融泽嘉园一号院 3室主卧,融泽嘉园一号院,2280,http://bj.58.com/pinpaigongyu/29542374534198x.shtml
【整租】乐乎公寓 立水桥 立水桥门店,立水桥,3100-3500,http://bj.58.com/pinpaigongyu/29670872452537x.shtml
【合租】梨园 时尚街区 3室主卧,时尚街区,2200,http://bj.58.com/pinpaigongyu/29969025131331x.shtml
【整租】乐乎公寓 通州北苑 通州北苑店,通州北苑,2300-2600,http://bj.58.com/pinpaigongyu/29472959912765x.shtml
【合租】德胜门 新街口外大街甲1 2室主卧,新街口外大街甲1,3720,http://bj.58.com/pinpaigongyu/29793481294392x.shtml
【整租】双井 传媒大学乐乎城市 1室0厅,传媒大学乐乎城市,2700,http://bj.58.com/pinpaigongyu/29782924229175x.shtml
【整租】远江公寓 运河大街 运河大街店,运河大街,2999-3379,http://bj.58.com/pinpaigongyu/29936381652302x.shtml
【整租】朝青板块 乐乎城市青年社区 1室1厅,【整租】朝青板块,2499,http://bj.58.com/pinpaigongyu/29996955954888x.shtml
【整租】乐乎公寓 十里河 十里河店,十里河,3000-3500,http://bj.58.com/pinpaigongyu/29991436892351x.shtml
【合租】西三旗 东村家园 4室次卧,东村家园,2490,http://bj.58.com/pinpaigongyu/29724911505863x.shtml
【合租】武夷花园 京贸国际城 4室主卧,京贸国际城,2200,http://bj.58.com/pinpaigongyu/29969121626309x.shtml
【合租】龙泽 融泽嘉园2号院 3室主卧,融泽嘉园2号院,2160,http://bj.58.com/pinpaigongyu/29563265100745x.shtml
【整租】青遇home 双桥 青遇新动漫,双桥,2300,http://bj.58.com/pinpaigongyu/29926256358472x.shtml
【整租】东坝 金隅汇景苑 3室1厅,金隅汇景苑,4000,http://bj.58.com/pinpaigongyu/29660248896570x.shtml
【合租】惠新西街 安苑北里 3室次卧,安苑北里,2600,http://bj.58.com/pinpaigongyu/29938774779315x.shtml
【合租】惠新西街 安苑北里 4室主卧,安苑北里,2900,http://bj.58.com/pinpaigongyu/29405507961654x.shtml
【整租】青遇home 高碑店 青遇店,高碑店,2700,http://bj.58.com/pinpaigongyu/29761578923960x.shtml
【合租】龙泽 融泽嘉园2号院 3室主卧,融泽嘉园2号院,2040,http://bj.58.com/pinpaigongyu/29923786469309x.shtml
【整租】西北旺 大牛坊一期 1室1厅,大牛坊一期,3300,http://bj.58.com/pinpaigongyu/29969418528697x.shtml
【合租】九棵树 K2玉兰湾 5室主卧,K2玉兰湾,2400,http://bj.58.com/pinpaigongyu/29372951070413x.shtml
【合租】西二旗 铭科苑 3室次卧,铭科苑,2290,http://bj.58.com/pinpaigongyu/29837310972467x.shtml
